pr_url,is_this_proj_first,number_of_created_pr_in_this_proj_before_pr,closed_at,body,title,commit_add_line_sum,commit_delete_line_sum,commit_total_line_sum,commit_file_change,commit_add_line_max,commit_delete_line_max,commit_total_line_max,commit_add_line_min,commit_delete_line_min,commit_total_line_min,login,before_pr_project_commits_in_month,issue_created_in_project_by_pr_author,issue_created_in_project_by_pr_author_in_month,issue_joined_in_project_by_pr_author,issue_joined_in_project_by_pr_author_in_month,before_pr_user_followers,before_pr_user_commits_proj,before_pr_project_issues,before_pr_project_issues_in_month,before_pr_project_issues_comment,before_pr_project_issues_comment_in_month,merge,github_merge,comment_merge,commit_merge,pr_commit_count,before_pr_project_prs,before_pr_project_prs_in_month,before_pr_project_commits,before_pr_user_commits,contain_test_file,contain_doc_file,before_pr_user_issues,bot_user,whether_pr_created_before_commit,commit_message,before_pr_merge_cnt,before_pr_closed_cnt,before_pr_merge_ratio,before_pr_project_comments_in_prs,code_patch_diff,before_pr_user_projects,number_of_merged_pr_in_this_proj_before_pr,number_of_closed_pr_in_this_proj_before_pr,ratio_of_merged_pr_in_this_proj_before_pr,before_pr_project_comments_in_prs_in_month,before_pr_user_pulls,check_pr_desc_mean,check_pr_desc_medium,pr_desc_len
https://api.github.com/repos/pytorch/pytorch/pulls/43032,0,79,2020-10-05T19:01:15Z,This would also improve error handling for interpolate with 'area' mode.,[ONNX] Improve error handling for adaptive_pool,7.0,1.0,8.0,1.0,7.0,1.0,8.0,7.0,1.0,8.0,neginraoof,1287,4,1,68,9,0.0,52,12363,443,48402,1672,1,0,0,1,1.0,26102,896,40146,1186,0.0,0.0,48,0,False,Fix error handling for adaptive_pool,20297,25590,0.7931613911684252,67327,"<nl><nl>def _adaptive_pool(name, type, tuple_fn, fn=None):<nl>    def symbolic_fn(g, input, output_size):<nl>        # _adaptive_pool is supported for cases where output_size is 1 for all dimensions,<nl>        # by executing a GlobalPool.",6,66,76,0.868421052631579,3231,39,False,False,11
https://api.github.com/repos/django/django/pulls/7985,0,32,2017-01-31T13:03:23Z,"This is suggested for 1.11.x only, as master doesn't support Python 2 anymore.",[1.11.x] Fixed #25192 -- Let migrations using RunPython.noop be squashed with Python 2,49.0,0.0,49.0,5.0,37.0,0.0,37.0,12.0,0.0,12.0,shaib,305,0,0,0,0,35.0,58,0,0,0,0,1,0,1,0,2.0,7977,222,35657,545,4.0,0.0,37,0,False,[1.11.x] Refs #25192 -- Added a test for squashing migrations using RunPython.noop;[1.11.x] Fixed #25192 -- Let migrations using RunPython.noop be squashed with Python 2<nl><nl>Thanks Adam Johnson for review,5094,7867,0.6475149358078047,21926,from __future__ import unicode_literals<nl><nl>from django.db import router<nl>from django.utils import six<nl><nl>from .base import Operation<nl>,22,18,32,0.5625,565,1,False,True,13
https://api.github.com/repos/scrapy/scrapy/pulls/3149,0,1,2020-01-23T20:43:11Z,"Bug Fix for #3046 . I haven't added test cases, so tests are not supposed to pass. Any comments regarding the flow are most welcome. I will add test case in short time.",Bug Fix for (#3046) ItemLoader missing values from base item,6.0,0.0,6.0,1.0,6.0,0.0,6.0,6.0,0.0,6.0,yashrsharma44,18,2,2,3,3,4.0,15,1269,25,4908,155,0,0,0,0,1.0,1517,13,7310,66,0.0,0.0,7,0,False,Bug Fix for (#3046) ItemLoader missing values from base item,1102,1448,0.761049723756906,5462,        self.parent = parent<nl>        self._local_item = context['item'] = item<nl>        self._local_values = defaultdict(list)<nl>        if item:<nl>            self.add_value_from_dict(item)<nl><nl>    @property<nl>    def _values(self):,24,1,1,1.0,37,0,False,True,33
https://api.github.com/repos/pytorch/pytorch/pulls/53766,0,83,2021-03-15T20:36:09Z,This fixes a bug in FX+TorchScript integration<nl><nl>Link to landed master PR (if applicable): #53576<nl>Link to release branch PR: self<nl>Criteria Category:`3. Fixes to new features introduced in the most recent minor release (e.g. 1.8.1 for 1.8.x release),Cherrypick #53576 into release/1.8,34.0,0.0,34.0,2.0,34.0,0.0,34.0,34.0,0.0,34.0,gmagogsfm,1673,21,1,142,18,7.0,67,14443,347,57411,1404,1,1,0,0,1.0,32815,1192,51051,909,1.0,0.0,90,0,False,Cherrypick #53576 into release/1.8,25614,32229,0.7947500698129014,94086,"            return FalseLiteral(r)<nl>        elif expr.id == ""None"":<nl>            return NoneLiteral(r)<nl>        elif expr.id == ""Ellipsis"":<nl>            return Dots(r)<nl>        return Var(Ident(r, expr.id))<nl><nl>    @staticmethod",20,54,79,0.6835443037974683,4376,57,False,True,36
https://api.github.com/repos/kubernetes/kubernetes/pulls/46548,0,192,2017-05-29T09:38:35Z,... and add a testcase for it<nl><nl>https://github.com/kubernetes/features/issues/22<nl><nl>/cc @sttts @ericchiang ,Fix audit level none,22.0,4.0,26.0,2.0,22.0,4.0,26.0,22.0,4.0,26.0,timstclair,1921,87,1,369,7,29.0,95,18965,531,126471,4345,1,1,0,1,1.0,27580,1084,52913,1705,0.0,0.0,170,0,False,Fix audit level none,22624,26880,0.8416666666666667,267815,"		req, _ := http.NewRequest(""GET"", test.path, nil)<nl>		req.RemoteAddr = ""127.0.0.1""<nl><nl>		func() {<nl>			defer func() {<nl>				recover()<nl>			}()<nl>			handler.ServeHTTP(httptest.NewRecorder(), req)<nl>		}()<nl><nl>		t.Logf(""[%s] audit log: %v"", test.desc, buf.String())<nl>",24,170,190,0.8947368421052632,11170,14,False,False,10
https://api.github.com/repos/expressjs/express/pulls/1286,1,0,2012-08-14T03:21:37Z,Updated res.cookie to prefix signed cookies with 's:' so that req.signedCookies would populate properly.,Fix signed cookie prefix,55.0,3.0,58.0,3.0,55.0,3.0,58.0,55.0,3.0,58.0,tnydwrds,36,0,0,0,0,6.0,4,1105,49,3388,196,1,1,0,1,1.0,176,7,4043,29,2.0,0.0,1,0,False,Fix signed cookie prefix<nl><nl>Update res.cookie to prefix signed cookies with 's:',56,156,0.358974358974359,325,"        .end(function(err, res){<nl>          var val = res.headers['set-cookie'][0];<nl>          val = cookie.parse(val.split('.')[0]);<nl>          val.user.should.equal('s:j:{""name"":""tobi""}');<nl>          done();<nl>        })<nl>      })",2,0,0,0.0,8,1,False,False,14
https://api.github.com/repos/kubernetes/kubernetes/pulls/18017,0,8,2015-12-02T14:17:48Z,xref https://github.com/mesosphere/kubernetes-mesos/issues/656,MESOS: fix panic in controller-manager when apiserver lookups fail,11.0,17.0,28.0,1.0,11.0,17.0,28.0,11.0,17.0,28.0,s-urbaniak,1471,0,0,0,0,49.0,46,6611,559,39571,3059,1,1,0,1,1.0,11405,814,22880,500,0.0,0.0,20,0,False,node: replace node lookup via node list watch with node store<nl><nl>Fixes https://github.com/mesosphere/kubernetes-mesos/issues/656,9739,11032,0.8827955039883973,85694,"	client ""k8s.io/kubernetes/pkg/client/unversioned""<nl>	""k8s.io/kubernetes/pkg/cloudprovider/providers/mesos""<nl>	""k8s.io/kubernetes/pkg/fields""<nl>	""k8s.io/kubernetes/pkg/util/sets""<nl>)<nl><nl>const (",57,7,8,0.875,10249,1,False,False,2
https://api.github.com/repos/vercel/next.js/pulls/3844,0,228,2018-02-19T10:49:41Z,Now we use relative paths in the output code of dynamic import<nl>in the server side.,[SSR] Use relative paths in dynamic import output code,7.0,5.0,12.0,1.0,7.0,5.0,12.0,7.0,5.0,12.0,arunoda,120,40,0,1310,29,2262.0,561,2187,142,10052,640,1,1,0,0,1.0,1650,107,1898,10531,0.0,0.0,611,0,False,[SSR] Use relative paths in dynamic import output code<nl>Now we use relative paths in the output code of dynamic import<nl>in the server side.,1296,1620,0.8,3470,"import { join, relative, dirname } from 'path'<nl><nl>// This plugin modifies the require-ensure code generated by Webpack<nl>// to work with Next.js SSR",228,207,226,0.915929203539823,159,32,False,False,15
https://api.github.com/repos/laravel/laravel/pulls/4505,1,0,2017-12-06T13:56:23Z,to remove error for migrate database,update AppServiceProvider,2.0,1.0,3.0,1.0,2.0,1.0,3.0,2.0,1.0,3.0,mahdi4187,25,0,0,0,0,0.0,1,0,0,0,0,0,0,0,0,1.0,2853,25,5532,1,0.0,0.0,3,0,False,update AppServiceProvider<nl><nl>to remove error for migrate database,1184,2853,0.4150017525411847,6816,namespace App\Providers;<nl><nl>use Illuminate\Support\ServiceProvider;<nl>use Illuminate\Support\Facades\Schema;<nl><nl>class AppServiceProvider extends ServiceProvider<nl>{,2,0,0,0.0,41,0,False,False,6
https://api.github.com/repos/moby/moby/pulls/31741,0,90,2017-03-30T01:14:56Z,Signed-off-by: Kenfe-Mickael Laventure <mickael.laventure@gmail.com><nl><nl>--<nl><nl>This should free up some space by removing old build contexts.,Cleanup docker tmp dir on start,20.0,3.0,23.0,1.0,20.0,3.0,23.0,20.0,3.0,23.0,mlaventure,693,9,1,467,49,38.0,79,13516,417,85274,2538,1,1,0,1,1.0,12659,350,36748,1528,0.0,0.0,33,0,False,Cleanup docker tmp dir on start<nl><nl>Signed-off-by: Kenfe-Mickael Laventure <mickael.laventure@gmail.com>,10076,12504,0.8058221369161869,104857,"	}<nl><nl>	// set up the tmpDir to use a canonical path<nl>	tmp, err := prepareTempDir(config.Root, rootUID, rootGID)<nl>	if err != nil {<nl>		return nil, fmt.Errorf(""Unable to get the TempDir under %s: %s"", config.Root, err)<nl>	}",13,80,88,0.9090909090909092,1678,10,False,False,14
https://api.github.com/repos/pytorch/pytorch/pulls/59610,0,2,2021-06-09T23:54:49Z,Implements the simple unbatch feature for DataPipe #58148,[DataPipes] Add simple unbatch to DataPipe,83.0,1.0,84.0,2.0,83.0,1.0,84.0,83.0,1.0,84.0,NivekT,1839,0,0,0,0,0.0,13,15354,262,61216,1026,1,0,0,1,1.0,36636,1115,57151,114,1.0,0.0,1,0,False,[DataPipes] Add simple `unbatch` to DataPipe #58148,28757,36115,0.7962619410217361,111654,"            for a, b in zip(x, y):<nl>                self.assertEqual(a, b - 1.0)<nl><nl>    def test_collate_datapipe(self):<nl>        arrs = [[1, 2, 3], [4, 5, 6], [7, 8, 9]]<nl>        input_dp = IDP(arrs)",16,1,1,1.0,5874,0,False,False,8
https://api.github.com/repos/elastic/elasticsearch/pulls/54875,0,592,2020-04-07T13:05:36Z,This commit adjusts some versions on `master` now searchable snapshots has been backported to `7.x` in #54825.,Adjust versions after searchable snapshots has been backported to `7.x`,6.0,6.0,12.0,3.0,6.0,6.0,12.0,6.0,6.0,12.0,tlrx,1664,80,5,575,6,86.0,163,21905,321,81677,1085,1,1,0,0,1.0,31312,1223,96870,4119,0.0,0.0,176,0,False,Adjust versions after backport,25717,31123,0.8263020917006715,92586,    }<nl><nl>    public DeleteAction(StreamInput in) throws IOException {<nl>        if (in.getVersion().onOrAfter(Version.V_7_8_0)) {<nl>            this.deleteSearchableSnapshot = in.readBoolean();<nl>        } else {<nl>            this.deleteSearchableSnapshot = true;,28,546,592,0.9222972972972971,2578,58,False,False,17
https://api.github.com/repos/vercel/next.js/pulls/16168,0,696,2020-08-13T17:40:09Z,This removes the unused `launch-editor` package. We replaced it with a more secure version (our own implementation).,Remove unused dependency,1.0,53.0,54.0,8.0,1.0,53.0,54.0,1.0,53.0,54.0,Timer,290,211,40,1239,104,337.0,566,6894,249,30380,888,1,1,0,0,1.0,6355,286,6793,9024,0.0,0.0,766,0,False,Remove unused dependency,5172,6297,0.8213434969032872,19877,"    .target('compiled/jsonwebtoken')<nl>}<nl>// eslint-disable-next-line camelcase<nl>externals['lodash.curry'] = 'next/dist/compiled/lodash.curry'<nl>export async function ncc_lodash_curry(task, opts) {<nl>  await task",139,664,692,0.9595375722543352,1348,238,False,False,17
https://api.github.com/repos/kubernetes/kubernetes/pulls/23853,0,195,2016-04-08T16:29:32Z,Reverts #23516<nl><nl>@jlowdermilk @bgrant0607 @zhouhaibing089 @kargakis ,"Revert ""rolling update will check whether the image is distinct or not, however the image with tag latest should be excluded""",1.0,2.0,3.0,1.0,1.0,2.0,3.0,1.0,2.0,3.0,janetkuo,1288,68,7,311,38,270.0,48,9142,623,56234,4034,1,1,0,1,1.0,14710,655,29119,1456,0.0,0.0,78,0,False,"Revert ""rolling update will check whether the image is distinct or not, however the image with tag latest should be excluded""<nl><nl>This reverts commit d27a30df2917b26991918d0658dfdc2fb580810e.",12517,14313,0.8745196674351988,130072,"	""fmt""<nl>	""io""<nl>	""os""<nl>	""time""<nl><nl>	""github.com/golang/glog""",15,176,191,0.9214659685863874,8497,5,False,False,6
https://api.github.com/repos/tensorflow/models/pulls/2731,0,88,2017-11-08T02:39:33Z,Also renamed dataset_parser to record_parser.,Move dataset.map back to before dataset.shuffle in imagenet_main.py,5.0,6.0,11.0,1.0,5.0,6.0,11.0,5.0,6.0,11.0,nealwu,108,0,0,139,9,379.0,103,1641,132,6355,606,1,1,0,0,1.0,1007,88,1408,983,0.0,0.0,14,0,False,Move dataset.map back to before dataset.shuffle in imagenet_main.py; also renamed dataset_parser to record_parser,625,866,0.7217090069284064,2217,"        for i in range(128)]<nl><nl><nl>def record_parser(value, is_training):<nl>  """"""Parse an ImageNet record from value.""""""<nl>  keys_to_features = {<nl>      'image/encoded':<nl>          tf.FixedLenFeature((), tf.string, default_value=''),",24,86,88,0.9772727272727272,164,4,False,False,5
https://api.github.com/repos/vercel/next.js/pulls/241,1,0,2016-11-12T22:32:26Z,"Will enable styles, classNames, and other props to be included on the resulting element.<nl><nl>Currently, I'm unable to pass a class onto Link elements and therefore can't customize the styling of a link.",Passing props through Link element,2.0,2.0,4.0,1.0,2.0,2.0,4.0,2.0,2.0,4.0,mmmeff,167,1,1,11,11,17.0,21,151,151,653,653,0,0,0,0,1.0,88,84,201,106,0.0,0.0,28,0,False,"Passing props through Link element<nl><nl>Will enable styles, classNames, and other props to be included on the resulting element.",62,77,0.8051948051948052,162,<nl>  constructor (props) {<nl>    super(props)<nl>  }<nl><nl>  linkClicked (e) {,33,0,0,0.0,160,0,False,True,32
https://api.github.com/repos/vercel/next.js/pulls/5259,0,36,2018-09-23T14:01:38Z,- updates transform-decorators-legacy<nl>- updates with-next-redux-wrapper,Update with-kea example,31.0,10.0,41.0,4.0,26.0,5.0,31.0,5.0,5.0,10.0,HaNdTriX,127,0,0,44,8,48.0,87,3033,133,14037,576,1,1,0,0,2.0,2204,111,2473,904,0.0,0.0,60,0,False,Update with-kea example<nl><nl>Babel 7 doesnâ€™t work with babel-plugin-transform-decorators-legacy.;Update next-redux-wrapper,1742,2171,0.8023952095808383,4607,import React from 'react'<nl>import PropTypes from 'prop-types'<nl>import { kea } from 'kea'<nl><SEP>    ]<nl>  })<nl>})<nl><nl>export default class App extends React.Component {<nl>  render () {<nl>    return (<nl>      <div>,124,30,33,0.9090909090909092,201,3,False,False,5
https://api.github.com/repos/elastic/elasticsearch/pulls/70574,0,324,2021-03-18T19:41:32Z,This re-enables the bwc tests and adjusts the version checks on master<nl>after backporting #70107,Reenable bwc and update version checks after backporting #70107,4.0,4.0,8.0,2.0,4.0,4.0,8.0,4.0,4.0,8.0,andreidan,1563,33,2,55,11,6.0,93,24448,234,91616,936,1,1,0,0,1.0,43629,1245,112421,3429,0.0,0.0,233,0,False,Reenable bwc and update version checks after backporting #70107,37460,43509,0.8609712932956399,116384,                repositoryName = null;<nl>                snapshotName = null;<nl>            }<nl>            if (in.getVersion().onOrAfter(Version.V_7_13_0)) {<nl>                shrinkIndexName = in.readOptionalString();<nl>            } else {<nl>                shrinkIndexName = null;,28,312,323,0.9659442724458204,2065,192,False,False,14
https://api.github.com/repos/elastic/elasticsearch/pulls/72697,0,900,2021-05-04T14:28:33Z,Until #72695 is complete and fixes this.,Mute SourceOnlySnapshotIT.testSnapshotAndRestore & testSnapshotAndRestoreWithNested,2.0,0.0,2.0,1.0,2.0,0.0,2.0,2.0,0.0,2.0,tlrx,1394,96,0,641,5,86.0,197,24761,203,92851,743,1,1,0,0,1.0,45289,1123,114597,4968,0.0,0.0,334,0,False,Mute SourceOnlySnapshotIT.testSnapshotAndRestore & testSnapshotAndRestoreWithNested<nl><nl>Relates #72695,39043,45201,0.8637640760160173,119311,"        }<nl>    }<nl><nl>    @AwaitsFix(bugUrl = ""https://github.com/elastic/elasticsearch/pull/72695"")<nl>    public void testSnapshotAndRestore() throws Exception {<nl>        final String sourceIdx = ""test-idx"";<nl>        boolean requireRouting = randomBoolean();",29,840,897,0.9364548494983278,2021,199,False,False,7
https://api.github.com/repos/kubernetes/kubernetes/pulls/12679,0,47,2015-08-18T18:47:40Z,#4874<nl><nl>Create an unversioned client and move everyone to it so we can create a v1 right next to it and gradually switch everyone over to it.,Create an unversioned client and move everyone to it,395.0,395.0,790.0,344.0,308.0,308.0,616.0,33.0,33.0,66.0,krousey,2062,8,0,63,11,43.0,24,4591,549,27731,3126,1,1,0,1,3.0,8087,959,16711,325,47.0,2.0,22,0,False,Moving client libs to unversioned dir;Get the unversioned client to build;Moving everyone to unversioned client,7055,7880,0.8953045685279187,47135,"		EnableHttps: true,<nl>		//Invalid certificate and key path<nl>		TLSClientConfig: TLSClientConfig{<nl>			CertFile: ""../testdata/mycertinvalid.cer"",<nl>			KeyFile:  ""../testdata/mycertinvalid.key"",<nl>			CAFile:   ""../testdata/myCA.cer"",<nl>		},<nl>	}<nl>",6,44,47,0.9361702127659576,8371,5,False,True,26
https://api.github.com/repos/kubernetes/kubernetes/pulls/59162,0,971,2018-02-02T19:24:49Z,Cherry pick of #59020 on release-1.9.<nl><nl>#59020: Remove setInitError.,Automated cherry pick of #59020: Remove setInitError.,1.0,12.0,13.0,2.0,1.0,12.0,13.0,1.0,12.0,13.0,brendandburns,1499,193,1,1216,4,1046.0,238,23737,531,167413,7077,1,1,0,1,1.0,35415,908,66770,6110,0.0,0.0,365,0,False,Remove setInitError.,28535,34419,0.8290479095848223,358650,	networkError             error<nl>	internalError            error<nl>	cidr                     string<nl>	healthChecks             []*healthCheck<nl>}<nl>,80,847,969,0.8740970072239422,9731,41,False,False,8
https://api.github.com/repos/elastic/elasticsearch/pulls/8822,0,47,2014-12-08T20:11:11Z,The logger used to log IndexWriter's deletions seems to change its name when it runs inside IntelliJ ... I just fixed the test to try both possibilities.,Test: fix InternalEngineTest.testIndexWriterIFDInfoStream to pass in IntelliJ,9.0,1.0,10.0,1.0,9.0,1.0,10.0,9.0,1.0,10.0,mikemccand,1085,48,6,123,24,172.0,93,5811,228,15760,945,0,0,0,0,1.0,2926,198,19684,5228,0.0,0.0,62,0,False,pick the right logger for this test depending on env,955,2861,0.3337993708493533,8956,import org.apache.log4j.AppenderSkeleton;<nl>import org.apache.log4j.Level;<nl>import org.apache.log4j.Logger;<nl>import org.apache.log4j.LogManager;<nl>import org.apache.log4j.spi.LoggingEvent;<nl>import org.apache.lucene.analysis.Analyzer;<nl>import org.apache.lucene.document.Field;,5,1,45,0.0222222222222222,818,4,False,False,27
https://api.github.com/repos/nodejs/node/pulls/4982,0,116,2016-02-02T02:52:59Z,"Instead of using the same session over and over, evict it when the<nl>socket emits error. This could be used as a mitigation of #3692, until<nl>OpenSSL fix will be merged/released.<nl><nl>See: https://github.com/nodejs/node/issues/3692",https: evict cached sessions on error,99.0,0.0,99.0,2.0,99.0,0.0,99.0,99.0,0.0,99.0,indutny,622,17,0,630,38,2710.0,438,2215,207,17921,1456,1,0,0,1,1.0,2729,281,15662,12444,1.0,0.0,571,0,False,"https: evict cached sessions on error<nl><nl>Instead of using the same session over and over, evict it when the<nl>socket emits error. This could be used as a mitigation of #3692, until<nl>OpenSSL fix will be merged/released.<nl><nl>See: https://github.com/nodejs/node/issues/3692",2082,2493,0.8351383874849578,24176,"<nl>    self._cacheSession(options._agentKey, socket.getSession());<nl>  });<nl><nl>  // Evict session on error<nl>  socket.once('close', function(err) {<nl>    if (err)<nl>      self._evictSession(options._agentKey);<nl>  });<nl><nl>  return socket;<nl>}<nl>",213,103,114,0.9035087719298246,2952,309,False,True,30
https://api.github.com/repos/elastic/elasticsearch/pulls/8855,0,48,2014-12-09T23:15:33Z,I just added byte & doc size of the merge when we log it.<nl><nl>Closes #8853,Log byte and doc size for slow merges,10.0,2.0,12.0,1.0,10.0,2.0,12.0,10.0,2.0,12.0,mikemccand,1080,48,6,123,23,173.0,93,5829,239,15831,988,0,0,0,0,1.0,2941,210,19721,5242,0.0,0.0,62,0,False,Core: also log byte and doc size for slow merges,957,2870,0.3334494773519164,8999,<nl>import java.io.IOException;<nl>import java.util.Collections;<nl>import java.util.Locale;<nl>import java.util.Set;<nl><nl>/**,5,1,46,0.0217391304347826,840,4,False,False,15
https://api.github.com/repos/elastic/elasticsearch/pulls/50580,0,1,2020-01-16T10:27:14Z,Related to https://github.com/elastic/elasticsearch/pull/35560,Remove useless logger instance from CircuitBreakerService,0.0,3.0,3.0,1.0,0.0,3.0,3.0,0.0,3.0,3.0,asdf2014,838,0,0,0,0,87.0,121,21007,205,78177,814,1,1,0,0,1.0,28170,523,92343,2590,0.0,0.0,162,0,False,Remove useless logger instance from CircuitBreakerService,22783,27998,0.8137366954782485,85530,<nl>package org.elasticsearch.indices.breaker;<nl><nl>import org.elasticsearch.common.breaker.CircuitBreaker;<nl>import org.elasticsearch.common.component.AbstractLifecycleComponent;<nl>,70,0,1,0.0,1326,4,False,False,3
https://api.github.com/repos/mrdoob/three.js/pulls/4542,0,113,2014-03-06T18:33:39Z,fixes #4477<nl>author: @WestLangley,Update vector2 to add divide and multiply.,18.0,0.0,18.0,1.0,18.0,0.0,18.0,18.0,0.0,18.0,gero3,466,11,1,315,10,26.0,35,3454,76,15776,467,1,1,0,1,1.0,1082,89,7746,327,0.0,0.0,66,0,False,Update vector2 to add divide and multiply. <nl><nl>fixes #4477<nl>author: @WestLangley,728,1033,0.7047434656340755,3467,"		return this;<nl><nl>	},<nl>	<nl>	multiply: function ( v ) {<nl><nl>		this.x *= v.x;<nl>		this.y *= v.y;<nl><nl>		return this;<nl><nl>	},<nl><nl>	multiplyScalar: function ( s ) {<nl>",30,97,112,0.8660714285714286,196,46,False,False,3
https://api.github.com/repos/pytorch/pytorch/pulls/15160,0,5,2019-01-09T12:17:07Z,"Summary:<nl>factored out code used in tests for operators Add, Mul and Sub<nl>into two new methods: a first one to generate the test vectors, a second<nl>one to run the actual tests given a caffe2 and python operator.<nl><nl>Differential Revision: D13359582",deduplicated code in elementwise_op_broadcast_test.py,48.0,131.0,179.0,1.0,48.0,131.0,179.0,48.0,131.0,179.0,andreh7,714,3,0,7,0,2.0,36,5552,402,20089,1462,0,0,0,0,1.0,8630,816,15535,200,0.0,0.0,61,0,False,"deduplicated code in elementwise_op_broadcast_test.py<nl><nl>Summary:<nl>factored out code used in tests for operators Add, Mul and Sub<nl>into two new methods: a first one to generate the test vectors, a second<nl>one to run the actual tests given a caffe2 and python operator.<nl><nl>Differential Revision: D13359582<nl><nl>fbshipit-source-id: 774c94b2517038d4cedc5da7e932b95f06711eb2",7030,8365,0.840406455469217,18542,"<nl>from hypothesis import given, assume<nl>import numpy as np<nl>import operator<nl><nl>from caffe2.proto import caffe2_pb2<nl>from caffe2.python import core, workspace",41,4,5,0.8,1093,3,False,True,38
https://api.github.com/repos/kubernetes/kubernetes/pulls/91380,0,1309,2020-05-23T14:33:12Z,This reverts PR 91260 to fix #91367<nl><nl>```release-note<nl>NONE<nl>```<nl><nl>/kind bug failing-test<nl>/sig api-machinery<nl>/cc @wojtek-t ,"Revert ""Rely on default watch cache capacity and ignore its requested size""",10.0,17.0,27.0,3.0,10.0,17.0,27.0,10.0,17.0,27.0,liggitt,1022,253,4,6844,171,193.0,692,34806,374,269457,3504,1,1,0,1,1.0,56494,642,102761,17808,0.0,0.0,1003,0,False,"Revert ""Rely on default watch cache capacity and ignore its requested size""<nl><nl>This reverts PR 91260",43662,55604,0.7852312783253004,576360,// Config contains the configuration for a given Cache.<nl>type Config struct {<nl>	// Maximum size of the history cached in memory.<nl>	CacheCapacity int<nl><nl>	// An underlying storage.Interface.,153,1207,1300,0.9284615384615384,7041,290,False,False,12
https://api.github.com/repos/flutter/flutter/pulls/37,0,5,2015-11-07T07:50:40Z,This patch rewrites the pubspecs to use local paths and adds testing to Travis.,Update pubspecs and enable testing,171.0,117.0,288.0,24.0,71.0,107.0,178.0,48.0,1.0,53.0,abarth,564,0,0,13,0,654.0,85,15,0,63,0,1,1,0,1,3.0,21,9,2518,4459,0.0,0.0,85,0,False,"Rewire the pubspecs to use local paths<nl><nl>Using local paths ensures that each package sees each other package at HEAD.;Add dev/run_tests<nl><nl>This script runs the Flutter unit tests. By default, the script assumes you<nl>have compiled a SkyShell in an ""engine/src"" that's a peer to the ""flutter""<nl>directory.;Run unit tests on Travis",11,21,0.5238095238095238,36,import os<nl>import subprocess<nl><nl>FLUTTER_ROOT = os.path.dirname(os.path.dirname(os.path.abspath(__file__)))<nl><nl>def update(directory):<nl>    packages = sorted(os.listdir(directory))<nl>    for package in packages:,34,5,5,1.0,17,7,True,True,14
https://api.github.com/repos/storybookjs/storybook/pulls/14860,0,729,2021-05-09T08:35:48Z,Issue: #14831<nl><nl>## What I did<nl><nl>Extract addon-cssresources into its own repo: https://github.com/storybook-js/addon-cssresources<nl><nl>self-merging @ndelangen <nl><nl>## How to test<nl><nl>- [x] Does CI pass?<nl>- [x] Does `yarn build && yarn storybook` work in new repo?,Extract addon-cssresources from monorepo,0.0,687.0,687.0,21.0,0.0,687.0,687.0,0.0,687.0,687.0,shilman,605,448,3,6737,169,52.0,280,6586,108,37575,659,1,1,0,1,1.0,6976,124,36036,8948,0.0,0.0,741,0,False,Extract addon-cssresources from monorepo,5601,6911,0.8104471132976414,17605,"  styled,<nl>  useTheme,<nl>} from '@storybook/theming';<nl>import { DocsPage } from '@storybook/addon-docs';<nl>import { Symbols } from '@storybook/components';<nl>",78,683,719,0.9499304589707928,272,109,False,False,31
https://api.github.com/repos/kubernetes/kubernetes/pulls/62616,0,113,2018-04-18T11:13:56Z,Cherry pick of #62250 on release-1.10.<nl><nl>#62250: remove default fsypte in azure disk,Automated cherry pick of #62250: remove default fsypte in azure disk,0.0,10.0,10.0,2.0,0.0,10.0,10.0,0.0,10.0,10.0,andyzhangx,1514,45,9,225,49,63.0,36,24977,544,179672,3920,1,1,0,1,1.0,37628,809,70687,1710,0.0,0.0,111,0,False,remove default fsypte in azure disk,30198,36553,0.8261428610510765,383366,)<nl><nl>const (<nl>	defaultStorageAccountType       = storage.StandardLRS<nl>	defaultAzureDiskKind            = v1.AzureSharedBlobDisk<nl>	defaultAzureDataDiskCachingMode = v1.AzureDataDiskCachingNone,24,97,109,0.8899082568807339,9409,5,False,False,12
https://api.github.com/repos/mui-org/material-ui/pulls/17315,1,0,2019-09-05T20:12:10Z,"For useMediaQuery(), don't call setState() once unmounting begins. This may have happened in cases such as if a component unmounts when a window resizes.",[useMediaQuery] Workaround Safari wrong implementation of matchMedia,5.0,1.0,6.0,1.0,5.0,1.0,6.0,5.0,1.0,6.0,momentpaul,208,0,0,0,0,0.0,4,9245,193,39750,1008,1,1,0,0,1.0,7941,219,13293,4,0.0,0.0,0,0,False,"For useMediaQuery(), don't call setState() once unmounting begins. This may have happened in cases such as if a component unmounts when a window resizes. Pattern used is from: https://reactjs.org/docs/hooks-faq.html#is-it-safe-to-omit-functions-from-the-list-of-dependencies",6433,7919,0.8123500441974997,23247,  });<nl><nl>  React.useEffect(() => {<nl>    let ignore = false;<nl>    hydrationCompleted = true;<nl><nl>    if (!supportMatchMedia) {,2,0,0,0.0,747,0,False,False,24
https://api.github.com/repos/mrdoob/three.js/pulls/19675,0,300,2020-06-16T20:22:56Z,"When searching in the documentation for AmbientLightProbe, I found no results in the documentation.<nl><nl>### To Reproduce:<nl>Search in documentation for 'AmbientLightProbe'<nl>### Issue<nl>Found nothing<nl>### Solution<nl>Write documentation for AmbientLightProbe.",Docs: Added AmbientLightProbe,92.0,0.0,92.0,3.0,92.0,0.0,92.0,92.0,0.0,92.0,gero3,503,14,0,423,0,42.0,61,9621,95,49739,488,1,1,0,1,1.0,9754,185,34107,942,0.0,3.0,94,0,False,add AmbientLightProbe,7534,9680,0.778305785123967,36372,"<nl>			""Lights"": {<nl>				""AmbientLight"": ""api/en/lights/AmbientLight"",<nl>				""AmbientLightProbe"": ""api/en/lights/AmbientLightProbe"",<nl>				""DirectionalLight"": ""api/en/lights/DirectionalLight"",<nl>				""HemisphereLight"": ""api/en/lights/HemisphereLight"",<nl>				""Light"": ""api/en/lights/Light"",",49,245,298,0.8221476510067114,734,56,False,True,26
https://api.github.com/repos/spring-projects/spring-framework/pulls/2013,1,0,2018-11-12T11:09:56Z,I think that this isn't needed anymore. ,Remove implementation of serializable class,1.0,3.0,4.0,1.0,1.0,3.0,4.0,1.0,3.0,4.0,OliverNeff,229,0,0,0,0,4.0,15,16876,113,47401,332,0,0,0,0,1.0,1900,27,21424,586,0.0,0.0,13,0,False,Remove implementation of serializable class,670,1824,0.3673245614035088,3691,<nl>package org.springframework.util;<nl><nl>import java.util.concurrent.atomic.AtomicInteger;<nl><nl>import org.springframework.lang.Nullable;,13,0,0,0.0,67,0,False,False,8
https://api.github.com/repos/kubernetes/kubernetes/pulls/100963,0,64,2021-04-16T19:56:22Z,/kind cleanup<nl>/sig auth<nl>/priority backlog<nl>/triage accepted<nl>/milestone v1.22<nl>/assign @liggitt <nl>@kubernetes/sig-auth-pr-reviews<nl><nl>```release-note<nl>NONE<nl>```,authorizer func: pass through context,7.0,6.0,13.0,5.0,7.0,6.0,13.0,7.0,6.0,13.0,enj,995,17,0,117,1,18.0,198,38016,266,302030,3025,1,1,0,1,1.0,62601,594,113050,3377,1.0,0.0,240,0,False,authorizer func: pass through context<nl><nl>Signed-off-by: Monis Khan <mok@vmware.com>,47916,61804,0.775289625266973,648141,"package path<nl><nl>import (<nl>	""context""<nl>	""fmt""<nl>	""strings""<nl>",62,51,60,0.85,7453,53,False,False,8
https://api.github.com/repos/moby/moby/pulls/9949,0,6,2015-01-08T23:22:54Z,Docker-DCO-1.1-Signed-off-by: Chen Chao cc272309126@gmail.com (github: cc272309126),"fix the issue 9938,the ip of container shoud not be the bridge ip anyway",22.0,4.0,26.0,1.0,22.0,4.0,26.0,22.0,4.0,26.0,cc272309126,387,16,3,37,6,9.0,3,4358,177,24317,1159,0,0,0,0,1.0,1447,210,12568,39,0.0,0.0,22,0,True,"fix the issue 9938,the ip of container shoud not be the bridge ip anyway<nl><nl>Docker-DCO-1.1-Signed-off-by: Chen Chao <cc272309126@gmail.com> (github: cc272309126)",1020,1361,0.7494489346069066,31654,"		if err := ipallocator.RegisterSubnet(bridgeNetwork, subnet); err != nil {<nl>			return job.Error(err)<nl>		}<nl><nl>	}<nl><nl>	// https://github.com/docker/docker/issues/2768",15,1,6,0.1666666666666666,1708,0,False,False,6
https://api.github.com/repos/django/django/pulls/6562,0,603,2016-05-06T13:13:20Z,As suggested by Shai at https://groups.google.com/d/msg/django-developers/7k6Z8JxKH5Q/Wso0e8J5BgAJ,Refs #25847 -- Added system check for UserModel.is_anonymous/is_authenticated methods.,60.0,0.0,60.0,3.0,60.0,0.0,60.0,60.0,0.0,60.0,timgraham,225,0,0,0,0,746.0,253,0,0,0,0,1,1,0,1,1.0,6557,148,33582,7842,1.0,1.0,146,0,False,Refs #25847 -- Added system check for UserModel.is_anonymous/is_authenticated methods.,4067,6462,0.6293717115444135,17877,from django.apps import apps<nl>from django.conf import settings<nl>from django.core import checks<nl>from django.utils import six<nl><nl>from .management import _get_builtin_permissions<nl>,36,532,599,0.8881469115191987,467,7,False,False,6
https://api.github.com/repos/rails/rails/pulls/14574,0,23,2014-04-03T13:13:28Z,"It is an attempt to fix #9933.<nl><nl>With this change, when a constant is not defined, it will raise `NameError`. Also I removed the tests that were expecting inexistent constant to return `nil`. <nl><nl>I'm not sure if there was a reason not to raise `NameError`. Does it make sense?",Does not swallow NameError on determine_constant_from_test_name.,8.0,28.0,36.0,2.0,8.0,28.0,36.0,8.0,28.0,36.0,laurocaetano,596,0,0,82,10,105.0,15,5397,143,31102,860,0,0,0,0,1.0,9155,179,52694,146,0.0,0.0,2,0,False,Does not swallow NameError on determine_constant_from_test_name.,5980,8767,0.682103342078248,34767,"<nl>  def test_find_bar_from_foo<nl>    assert_equal Bar, find_foo(""Bar"")<nl>  end<nl><nl>  def test_find_module<nl>    assert_equal FooBar, find_module(""FooBar"")<nl>  end<nl><nl>  def test_does_not_swallow_exception_on_no_method_error",16,17,21,0.8095238095238095,956,2,True,True,48
https://api.github.com/repos/chartjs/Chart.js/pulls/6693,0,77,2019-11-05T23:08:15Z,Originating from #6576 ,Remove duplicate array equality function,1.0,17.0,18.0,1.0,1.0,17.0,18.0,1.0,17.0,18.0,kurkle,72,1,0,132,31,0.0,32,4777,61,18080,208,1,1,0,0,1.0,1844,76,2866,489,0.0,0.0,4,0,False,Remove duplicate array equality function,1283,1826,0.7026286966046003,5737,"	return isStacked(yScale, meta) && xScale.id + '.' + yScale.id + '.' + meta.stack + '.' + meta.type;<nl>}<nl><nl>function getFirstScaleId(chart, axis) {<nl>	var scalesOpts = chart.options.scales;<nl>	var scale = chart.options.scale;",16,62,74,0.8378378378378378,112,3,False,False,4
https://api.github.com/repos/django/django/pulls/1359,0,29,2013-07-24T11:02:14Z,Previously myapp/models/sql/ would be searched; now it's myapp/sql/ as documented.<nl><nl>Thanks al_the_x for the report and fheinz for the draft patch.,Fixed #14300 -- Fixed initial SQL location if models is a directory.,29.0,1.0,30.0,4.0,29.0,1.0,30.0,29.0,1.0,30.0,timgraham,361,0,0,0,0,364.0,92,0,0,0,0,0,0,0,0,1.0,1358,84,21988,1005,2.0,1.0,2,0,False,Fixed #14300 -- Fixed initial SQL location if models is a directory.<nl><nl>Previously myapp/models/sql/ would be searched; now it's myapp/sql/ as documented.<nl><nl>Thanks al_the_x for the report and fheinz for the draft patch.,557,1215,0.4584362139917695,2020,"from django.core import management<nl>from django.db import transaction<nl>from django.test import TestCase, TransactionTestCase<nl>from django.utils.six import StringIO<nl><nl>from .models import Article, Book<nl>",3,4,27,0.1481481481481481,125,1,False,True,20
https://api.github.com/repos/godotengine/godot/pulls/47844,0,126,2021-04-13T08:10:30Z,Addresses https://github.com/godotengine/godot/issues/47073#issuecomment-817201504,Add support for forwarding callbacks from Godot's parent activity,19.0,0.0,19.0,1.0,19.0,0.0,19.0,19.0,0.0,19.0,m4gr3d,768,7,0,206,12,0.0,59,24064,287,111804,1249,1,1,0,1,1.0,18950,395,41290,803,0.0,0.0,88,0,False,Add support for forwarding callbacks from Godot's parent activity.,15672,18509,0.8467232157328867,57494,import android.os.Bundle;<nl>import android.view.KeyEvent;<nl><nl>import androidx.annotation.CallSuper;<nl>import androidx.annotation.NonNull;<nl>import androidx.annotation.Nullable;<nl>import androidx.fragment.app.FragmentActivity;,19,116,123,0.943089430894309,1370,61,False,False,2
https://api.github.com/repos/elastic/elasticsearch/pulls/64248,0,622,2020-10-28T14:23:27Z,"The search request in the test can complete before the ""cancelledLatch"" is latched if the second shard request is sent after the request was canceled (i.e., the child task is not allowed to start after the parent was canceled).<nl><nl><nl>Closes #63976<nl>Relates ##63520",Fix testCancelFailedSearchWhenPartialResultDisallowed,6.0,3.0,9.0,1.0,6.0,3.0,9.0,6.0,3.0,9.0,dnhatn,1260,74,1,527,5,11.0,153,23451,209,87652,891,1,1,0,0,1.0,38674,1058,106377,4559,0.0,0.0,218,0,False,Fix testCancelFailedSearchWhenPartialResultDisallowed,32745,38516,0.8501661647107696,107709,"        }<nl>    }<nl><nl>    public void testCancelFailedSearchWhenPartialResultDisallowed() throws Exception {<nl>        final List<ScriptedBlockPlugin> plugins = initBlockFactory();<nl>        int numberOfShards = between(2, 5);",31,569,619,0.9192245557350566,2022,119,False,True,41
https://api.github.com/repos/kubernetes/kubernetes/pulls/77323,0,86,2019-07-15T21:53:25Z,"**What type of PR is this?**<nl>/kind bug<nl><nl>**What this PR does / why we need it**:<nl>In cgroupManagerImpl#Create, we call Update without checking the error return.<nl><nl>This PR adds check for the error return.<nl><nl>```release-note<nl>NONE<nl>```",Check error return from Update,5.0,1.0,6.0,2.0,5.0,1.0,6.0,5.0,1.0,6.0,tedyu,1531,17,12,28,25,35.0,109,30044,414,224990,3569,1,1,0,1,1.0,47247,975,87199,3588,0.0,0.0,53,0,True,Check error return from Update<nl><nl>Signed-off-by: Ted Yu <yute@vmware.com>,37143,46232,0.8034045682644056,481804,"	libcontainerconfigs ""github.com/opencontainers/runc/libcontainer/configs""<nl>	""k8s.io/klog""<nl><nl>	utilruntime ""k8s.io/apimachinery/pkg/util/runtime""<nl>	""k8s.io/apimachinery/pkg/util/sets""<nl>	utilfeature ""k8s.io/apiserver/pkg/util/feature""<nl>	kubefeatures ""k8s.io/kubernetes/pkg/features""",18,22,56,0.3928571428571428,8581,15,False,False,31
https://api.github.com/repos/rails/rails/pulls/25819,0,1,2016-07-13T21:27:16Z,### Summary<nl><nl>They're not necessary and add an (albeit small) overhead.,Remove unnecessary bang methods in TextHelper,3.0,3.0,6.0,1.0,3.0,3.0,6.0,3.0,3.0,6.0,leejarvis,626,0,0,0,0,122.0,39,8869,158,49375,901,0,0,0,0,1.0,16839,285,71279,455,0.0,0.0,11,0,False,Remove unnecessary bang methods in TextHelper<nl><nl>They're not necessary and add an (albeit small) overhead.,11242,16210,0.6935225169648365,63634,"        if paragraphs.empty?<nl>          content_tag(wrapper_tag, nil, html_options)<nl>        else<nl>          paragraphs.map { |paragraph|<nl>            content_tag(wrapper_tag, raw(paragraph), html_options)<nl>          }.join(""\n\n"").html_safe<nl>        end",41,0,1,0.0,983,3,False,False,10
https://api.github.com/repos/kubernetes/kubernetes/pulls/54327,0,131,2017-10-25T05:24:54Z,<nl><nl>```release-note<nl>NONE<nl>```,Modify serve-hostname image to handle graceful termination,58.0,9.0,67.0,4.0,58.0,9.0,67.0,58.0,9.0,67.0,freehan,1779,38,0,344,3,37.0,59,21929,561,149851,3828,1,1,0,1,1.0,32390,1014,61514,1013,2.0,0.0,61,0,True,Modify serve-hostname image to handle graceful termination,26301,31489,0.8352440534789927,325573,"	""os""<nl>	""os/signal""<nl>	""syscall""<nl>	""time""<nl>)<nl><nl>var (<SEP><nl>func main() {<nl>	flag.Parse()<nl>	if *doHTTP && (*doTCP || *doUDP) {<nl>		log.Fatalf(""Can't server TCP/UDP mode and HTTP mode at the same time"")<nl>	}",20,117,130,0.9,11609,7,False,False,1
https://api.github.com/repos/elastic/elasticsearch/pulls/31968,0,51,2018-07-11T14:37:49Z,"A new commit was merged that does not allow a null attachement &&<nl>text. This is valid for the slack API, as it does not allow this, but<nl>our unit tests did. This commit fixes the broken unit test.<nl><nl>Closes #31948",Test: fix null failure in watcher test,1.0,2.0,3.0,1.0,1.0,2.0,3.0,1.0,2.0,3.0,hub-cap,1049,4,0,54,2,33.0,116,16195,262,58551,1125,1,1,0,0,1.0,15186,438,66642,1425,0.0,0.0,108,0,False,"Test: fix null failure in watcher test<nl><nl>A new commit was merged that does not allow a null attachement &&<nl>text. This is valid for the slack API, as it does not allow this, but<nl>our unit tests did. This commit fixes the broken unit test.<nl><nl>Closes #31948",10870,15039,0.7227874193762883,50129,"        assertThat(parsed, equalTo(template));<nl>    }<nl><nl>    public void testTemplateRender() throws Exception {<nl>        Settings settings = SlackMessageDefaultsTests.randomSettings();<nl>        SlackMessageDefaults defaults = new SlackMessageDefaults(settings);",46,38,47,0.8085106382978723,1468,68,False,True,38
https://api.github.com/repos/rails/rails/pulls/14853,0,13,2014-04-25T20:48:40Z,"When used a custom `join_table` name on a `habtm`, rails was not saving it on Reflections. This causes a problem when rails loads fixtures, because it [uses the reflections](https://github.com/rails/rails/blob/master/activerecord/lib/active_record/fixtures.rb#L652) to set database with fixtures.",Fix to use custom join table in habtm,15.0,2.0,17.0,4.0,15.0,2.0,17.0,15.0,2.0,17.0,kassio,786,1,0,8,0,122.0,50,5498,151,31691,899,1,1,0,1,1.0,9331,238,53280,1507,0.0,0.0,21,0,True,"Fix custom join_table name on habtm reflections<nl><nl>When used a custom join_table name on a habtm, rails was not saving it<nl>on Reflections. This causes a problem when rails loads fixtures, because<nl>it uses the reflections to set database with fixtures.",6104,8952,0.6818588025022342,35524,require 'models/sponsor'<nl>require 'models/country'<nl>require 'models/treaty'<nl>require 'models/vertex'<nl>require 'active_support/core_ext/string/conversions'<nl><nl>class ProjectWithAfterCreateHook < ActiveRecord::Base,36,10,13,0.7692307692307693,1098,5,False,True,34
https://api.github.com/repos/rails/rails/pulls/26885,0,1,2016-10-25T03:07:45Z,Change ActiveJob::Base.queue_adapter to use queue_adapter method to make test code consistent.,Uses queue adapter_method instead of ActiveJob::Base.queue_adapter,2.0,2.0,4.0,1.0,2.0,2.0,4.0,2.0,2.0,4.0,lastgabs,394,0,0,0,0,23.0,9,9239,97,51105,414,1,1,0,1,1.0,17523,179,72771,155,0.0,0.0,3,0,False,Uses queue adapter_method instead of ActiveJob::Base.queue_adapter<nl><nl>Change ActiveJob::Base.queue_adapter to use queue_adapter method to make test code consistent.,11712,16835,0.6956934956934957,66379,"      HelloJob.perform_later<nl>    end<nl><nl>    assert_equal 2, queue_adapter.enqueued_jobs.count<nl>  end<nl>end<nl>",9,1,1,1.0,730,0,False,False,11
https://api.github.com/repos/vercel/next.js/pulls/2515,0,183,2017-07-09T03:46:53Z,This is a minimalistic EventEmitter just for our needs.,Add tests for EventEmitter.,86.0,1.0,87.0,2.0,86.0,1.0,87.0,86.0,1.0,87.0,arunoda,143,40,4,1131,154,2241.0,530,1385,180,6466,853,1,1,0,0,1.0,1125,142,1360,10011,1.0,0.0,601,0,False,Add tests for EventEmitter.,895,1103,0.8114233907524931,2382,      this.listeners[event] = new Set()<nl>    }<nl><nl>    if (this.listeners[event].has(cb)) {<nl>      throw new Error(`The listener already exising in event: ${event}`)<nl>    }<nl><nl>    this.listeners[event].add(cb)<nl>  }<nl>,218,165,182,0.9065934065934066,249,32,False,False,9
https://api.github.com/repos/moby/moby/pulls/23161,0,22,2016-06-02T13:31:08Z,"I think ""copy"" is misleading for humans because Go has its own builtin ""copy"" function<nl><nl>Signed-off-by: Akihiro Suda suda.akihiro@lab.ntt.co.jp",daemon: Rename copy to copyFunc,3.0,3.0,6.0,1.0,3.0,3.0,6.0,3.0,3.0,6.0,AkihiroSuda,652,13,8,86,16,147.0,55,9933,344,61904,2372,1,1,0,1,1.0,8610,325,27430,942,0.0,0.0,81,0,False,"daemon: Rename copy to copyFunc<nl><nl>""copy"" can be misleading for humans because Go has its own builtin ""copy"" function<nl><nl>Signed-off-by: Akihiro Suda <suda.akihiro@lab.ntt.co.jp>",6727,8504,0.7910395108184384,83010,"		}<nl>	}<nl><nl>	copyFunc := func(w io.Writer, r io.Reader) {<nl>		s.Add(1)<nl>		go func() {<nl>			if _, err := io.Copy(w, r); err != nil {",46,11,18,0.6111111111111112,2274,3,False,False,18
https://api.github.com/repos/kubernetes/kubernetes/pulls/71944,0,204,2018-12-11T12:16:40Z,Cherry pick of #71941 on release-1.13.<nl><nl>#71941: add VMSize info in attach/detach azure disk,Automated cherry pick of #71941: add VMSize info in attach/detach azure disk,2.0,0.0,2.0,1.0,2.0,0.0,2.0,2.0,0.0,2.0,andyzhangx,1120,75,1,369,12,63.0,59,28269,395,208482,3656,1,1,0,1,1.0,43653,641,81064,2617,0.0,0.0,164,0,False,add VMSize info in attach/detach azure disk,34572,42643,0.8107309523251178,447206,"	newVM := compute.VirtualMachine{<nl>		Location: vm.Location,<nl>		VirtualMachineProperties: &compute.VirtualMachineProperties{<nl>			HardwareProfile: vm.HardwareProfile,<nl>			StorageProfile: &compute.StorageProfile{<nl>				DataDisks: &disks,<nl>			},",34,183,201,0.9104477611940298,6569,14,False,False,13
https://api.github.com/repos/spring-projects/spring-framework/pulls/22573,0,27,2019-03-12T12:15:59Z,Assuming <nl>- raise-the-flag loop raises the flag <nl>- `if` statement has not side effects requiring iteration up to the end<nl>We can add break right after the flag is raised.,Add missing break statements to stop looping when result is known,4.0,1.0,5.0,3.0,4.0,1.0,5.0,4.0,1.0,5.0,stsypanov,241,0,0,0,0,5.0,35,17296,122,49618,335,1,1,0,1,1.0,2049,49,22113,748,0.0,0.0,13,0,False,add missing break statements to stop looping when result is known,752,1970,0.3817258883248731,4089,"				noCloverResources.add(resource);<nl>			}<nl>		}<nl>		resources = noCloverResources.toArray(new Resource[0]);<nl>		assertProtocolAndFilenames(resources, ""file"",<nl>				StringUtils.concatenateStringArrays(CLASSES_IN_CORE_IO_SUPPORT, TEST_CLASSES_IN_CORE_IO_SUPPORT));<nl>	}",42,18,25,0.72,133,1,False,True,29
https://api.github.com/repos/mui-org/material-ui/pulls/26432,0,2246,2021-05-25T11:04:10Z,"Noticed in the CI log of #26428.<nl><nl><img width=""944"" alt=""Screenshot 2021-05-23 at 15 30 24"" src=""https://user-images.githubusercontent.com/3165635/119262509-d58dbd00-bbdb-11eb-933c-d72489b57c04.png""><nl><nl>The CI doesn't fail for them, for some reason.",[test] Fix prop-type warning,2.0,2.0,4.0,1.0,2.0,2.0,4.0,2.0,2.0,4.0,oliviertassinari,310,82,1,17225,219,855.0,1348,12687,145,56376,674,1,1,0,0,1.0,13171,341,18407,23785,0.0,0.0,911,0,False,[test] Fix prop-type warning,10897,13143,0.8291105531461614,39122,"  it('applies a size small class inside <FormControl size=""small"" />', () => {<nl>    const { getByTestId } = render(<nl>      <FormControl size=""small""><nl>        <InputAdornment position=""start"" data-testid=""root""><nl>          $<nl>        </InputAdornment><nl>      </FormControl>,",213,2152,2244,0.9590017825311944,896,221,False,False,23
https://api.github.com/repos/moby/moby/pulls/14078,0,115,2015-06-25T18:13:46Z,"Adds `HTTP_PROXY`, `HTTPS_PROXY`, and `NO_PROXY`, to the containers<nl>created for `RUN` commands. These settings are not commited to the image<nl>and are only used for the duration of the `RUN` command.<nl><nl>Closes #4962",Propigate the daemon's HTTP_PROXY to build jobs,47.0,0.0,47.0,3.0,47.0,0.0,47.0,47.0,0.0,47.0,cpuguy83,957,75,0,1389,90,426.0,144,6063,291,35623,1952,0,0,0,0,1.0,3802,385,17311,2725,0.0,1.0,186,0,False,"Propigate the daemon's HTTP_PROXY to build jobs<nl><nl>Adds `HTTP_PROXY`, `HTTPS_PROXY`, and `NO_PROXY`, to the containers<nl>created for `RUN` commands. These settings are not commited to the image<nl>and are ony used for the duration of the `RUN` command.<nl><nl>Signed-off-by: Brian Goff <cpuguy83@gmail.com>",2827,3677,0.7688332880065271,49865,"import (<nl>	""fmt""<nl>	""io/ioutil""<nl>	""os""<nl>	""path/filepath""<nl>	""regexp""<nl>	""runtime""",113,84,112,0.75,3228,14,False,True,30
https://api.github.com/repos/kubernetes/kubernetes/pulls/65214,0,238,2018-06-19T14:34:32Z,/hold<nl>/do-not-merge<nl>/assign,[Do-not-merge] Experiment with increased scheduler concurrency,5.0,4.0,9.0,3.0,5.0,4.0,9.0,5.0,4.0,9.0,shyamjvs,1315,118,2,903,31,45.0,90,25868,426,187392,3648,0,0,0,0,1.0,39334,721,73671,1524,1.0,0.0,184,0,False,[Do-not-merge] Experiment with increased scheduler concurrency,31413,38307,0.8200328921607017,402489,"			}<nl>		}<nl>	}<nl>	workqueue.Parallelize(32, len(nodes), processNode)<nl>	for i, priorityConfig := range priorityConfigs {<nl>		if priorityConfig.Reduce == nil {<nl>			continue",18,218,237,0.919831223628692,9036,17,False,False,1
https://api.github.com/repos/kubernetes/kubernetes/pulls/54780,0,116,2017-11-08T23:41:22Z,partial fix https://github.com/kubernetes/kubernetes/issues/53379<nl><nl>**Release note**:<nl>```<nl>NONE<nl>```,partial fix crd patch failing,70.0,2.0,72.0,3.0,70.0,2.0,72.0,70.0,2.0,72.0,CaoShuFeng,1739,15,1,40,9,33.0,55,22088,552,150791,3600,1,1,0,1,1.0,32684,977,62038,612,0.0,0.0,37,0,True,partial fix crd patch failing<nl><nl>partial fixes https://github.com/kubernetes/kubernetes/issues/53379,26540,31801,0.8345649507877111,328931,"	metav1 ""k8s.io/apimachinery/pkg/apis/meta/v1""<nl>	""k8s.io/apimachinery/pkg/apis/meta/v1/unstructured""<nl>	""k8s.io/apimachinery/pkg/runtime""<nl>	""k8s.io/apimachinery/pkg/types""<nl>	""k8s.io/apimachinery/pkg/util/wait""<nl>	""k8s.io/apimachinery/pkg/watch""<nl>	""k8s.io/client-go/dynamic""",13,94,110,0.8545454545454545,11271,14,False,False,4
https://api.github.com/repos/expressjs/express/pulls/3312,0,2,2017-07-26T17:06:38Z,"In real world, the first is 1, the second is 2. So:<nl><nl>On first visit, the viewed times should be 1 instead of 0.<nl>On second visit, the viewed times should be 2 instead of 1.",fix examples/cookie-sessions and the test,4.0,4.0,8.0,2.0,4.0,4.0,8.0,4.0,4.0,8.0,hiowenluke,18,0,0,0,0,6.0,10,2492,17,10805,74,0,0,0,0,1.0,726,9,5635,275,1.0,0.0,0,0,False,"fix examples/cookie-sessions and the test<nl><nl>In real world, the first is 1, the second is 2. So:<nl><nl>On first visit, the viewed times should be 1 instead of 0.<nl>On second visit, the viewed times should be 2 instead of 1.",186,705,0.2638297872340425,2638,"    it('should display no views', function (done) {<nl>      request(app)<nl>      .get('/')<nl>      .expect(200, 'viewed 1 times\n', done)<nl>    })<nl><nl>    it('should set a session cookie', function (done) {",6,0,2,0.0,10,0,False,True,34
https://api.github.com/repos/django/django/pulls/12933,0,60,2020-12-28T10:01:38Z,Raising a CommandError is the recommended way to report errors from<nl>management commands.,Fixed #32301 -- Made clearsessions raise CommandError when clear_expired() is not implemented.,19.0,2.0,21.0,3.0,19.0,2.0,21.0,19.0,2.0,21.0,francoisfreitag,221,0,0,0,0,7.0,80,0,0,0,0,1,1,0,1,1.0,12849,185,42369,1367,2.0,0.0,23,0,False,Fixed #32301 -- Made clearsessions raise CommandError when clear_expired() is not implemented.,8599,12667,0.6788505565643009,34079,"from importlib import import_module<nl><nl>from django.conf import settings<nl>from django.core.management.base import BaseCommand, CommandError<nl><nl><nl>class Command(BaseCommand):",27,54,59,0.9152542372881356,374,20,False,True,12
https://api.github.com/repos/pytorch/pytorch/pulls/5829,0,10,2018-03-16T13:22:04Z,"This PR fixed an error in >2 GPU DDP test exposed by #5581, that detach cannot be done in place in views. <nl>@apaszke @ezyang @soumith @goldsborough ",fix detach in place error in DDP,5.0,4.0,9.0,2.0,5.0,4.0,9.0,5.0,4.0,9.0,ailzhang,545,0,0,11,6,10.0,15,2742,244,9710,987,1,1,0,0,1.0,2886,355,10346,166,0.0,0.0,0,0,False,fix detach in DDP,2443,2797,0.8734358240972471,7141,"import torch.cuda.comm as comm<nl><nl><nl>def replicate(network, devices, detach=False):<nl>    from ._functions import Broadcast<nl><nl>    devices = tuple(devices)",10,6,8,0.75,1148,0,False,True,27
https://api.github.com/repos/moby/moby/pulls/18374,0,152,2015-12-03T21:31:47Z,Following `docker inspect` conventions:<nl>- Keep partial info in a buffer to not print incomplete template outputs.<nl>- Break execution when template parsing or decoding fail.<nl><nl>Fixes #18328<nl><nl>Signed-off-by: David Calavera david.calavera@gmail.com,Return error code when `volume inspect` fails with a template.,30.0,20.0,50.0,2.0,30.0,20.0,50.0,30.0,20.0,50.0,calavera,902,8,0,245,9,427.0,358,7876,344,48066,2648,1,1,0,1,1.0,6154,405,22129,4127,0.0,0.0,112,0,False,Return error code when `volume inspect` fails with a template.<nl><nl>Following `docker inspect` conventions:<nl><nl>- Keep partial info in a buffer to not print incomplete template outputs.<nl>- Break execution when template parsing or decoding fail.<nl><nl>Signed-off-by: David Calavera <david.calavera@gmail.com>,4711,6060,0.7773927392739274,66454,"<nl>	var status = 0<nl>	var volumes []*types.Volume<nl><nl>	for _, name := range cmd.Args() {<nl>		resp, err := cli.call(""GET"", ""/volumes/""+name, nil, nil)<nl>		if err != nil {",177,116,150,0.7733333333333333,3247,60,False,True,28
https://api.github.com/repos/psf/requests/pulls/1284,0,2,2013-04-02T18:42:58Z,.... This time with proper whitespaces.,Add missing return_response parameter support according to the docstring...,5.0,1.0,6.0,1.0,5.0,1.0,6.0,5.0,1.0,6.0,KamilSzot,74,1,1,0,0,2.0,5,670,27,3743,172,0,0,0,0,1.0,613,25,2740,8,0.0,0.0,3,0,False,Add missing return_response parameter support according to the docstring. This time with proper whitespaces.,454,608,0.7467105263157895,2260,"        hooks=None,<nl>        stream=None,<nl>        verify=None,<nl>        cert=None,<nl>        return_response=True):<nl>        """"""Constructs a :class:`Request <Request>`, prepares it and sends it.<nl>        Returns :class:`Response <Response>` object.<nl>",6,1,2,0.5,99,2,False,False,6
https://api.github.com/repos/spring-projects/spring-framework/pulls/25196,1,0,2020-06-06T15:43:15Z,This PR is about issue #25163 :),Refactor method name dispatching to switch statements,17.0,17.0,34.0,1.0,17.0,17.0,34.0,17.0,17.0,34.0,97e57e,217,0,0,0,0,0.0,30,18902,113,54189,330,0,0,0,0,1.0,2745,40,25511,464,0.0,0.0,9,0,False,Refactor method name dispatching to switch statements,1235,2679,0.4609929078014184,5552,"/*<nl> * Copyright 2002-2020 the original author or authors.<nl> *<nl> * Licensed under the Apache License, Version 2.0 (the ""License"");<nl> * you may not use this file except in compliance with the License.",51,0,0,0.0,107,5,False,False,7
https://api.github.com/repos/pytorch/pytorch/pulls/58775,0,15,2021-06-10T08:57:37Z,Differential Revision: D28613939<nl>,[fx ir] Support lists and dicts,42.0,12.0,54.0,1.0,42.0,12.0,54.0,42.0,12.0,54.0,khabinov,2550,0,0,0,0,3.0,25,15223,333,60645,1313,1,0,0,1,1.0,36106,1499,56380,165,0.0,0.0,24,0,True,[fx ir] Support lists and dicts in FX IR GraphDrawer (#58775)<nl><nl>Summary: Pull Request resolved: https://github.com/pytorch/pytorch/pull/58775<nl><nl>Reviewed By: RoshanPAN<nl><nl>Differential Revision: D28613939<nl><nl>fbshipit-source-id: f7d9155beb3e48e611efafd5d982f172a9e53616,28310,35588,0.795492862762729,109063,"import pydot<nl>from typing import Dict, Any<nl>from torch.fx.node import _get_qualified_name<nl>from torch.fx.passes.shape_prop import TensorMetadata<nl><nl>_COLOR_MAP = {<nl>    ""placeholder"": '""AliceBlue""',",13,14,15,0.9333333333333332,7368,16,False,False,3
https://api.github.com/repos/mui-org/material-ui/pulls/11745,0,5,2018-06-06T18:09:00Z,"<!-- Thanks so much for your PR, your contribution is appreciated! â¤ï¸ -->",Feature disable slider sliding on disable prop,9.0,2.0,11.0,2.0,7.0,1.0,8.0,2.0,1.0,3.0,adeelibr,281,3,0,28,19,8.0,26,6499,301,26041,1164,0,0,0,0,2.0,5211,181,9699,396,0.0,0.0,15,0,False,changed Number.isNaN to isNaN and added eslint disable rule for no restricted globals;slider sliding disabled on disable prop,4130,5201,0.7940780619111709,14853,// @flow<nl>/* eslint-disable no-param-reassign */<nl>/* eslint-disable no-restricted-globals */<nl><nl>import warning from 'warning';<nl>,42,4,4,1.0,361,0,False,False,13
https://api.github.com/repos/kubernetes/kubernetes/pulls/102608,0,225,2021-06-04T20:56:39Z,Fixes https://github.com/kubernetes/kubernetes/issues/102600<nl><nl>/sig storage<nl><nl>cc @kubernetes/sig-storage-bugs ,Remove block device metrics unit test,0.0,53.0,53.0,1.0,0.0,53.0,53.0,0.0,53.0,53.0,gnufied,983,155,1,734,4,222.0,325,38473,255,306936,2821,1,1,0,1,1.0,63604,517,114877,5066,0.0,0.0,630,0,False,The test was not very useful and required elevated access,48704,62970,0.7734476734953152,661309,"package volume_test<nl><nl>import (<nl>	""testing""<nl><nl>	. ""k8s.io/kubernetes/pkg/volume""",161,179,221,0.8099547511312217,7231,192,False,False,5
https://api.github.com/repos/elastic/elasticsearch/pulls/1298,0,6,2011-09-04T14:39:36Z,fix bug in parent handling where the parsed parent value was not set in the SourceToParse,fix small bug in parent handling,4.0,1.0,5.0,2.0,4.0,1.0,5.0,4.0,1.0,5.0,Paikan,227,1,1,0,0,6.0,4,1204,88,2006,77,0,0,0,0,1.0,27,16,3158,23,0.0,0.0,10,0,False,fix bug in parent handling where the parsed parent value was not set in the SourceToParse,3,84,0.0357142857142857,185,"                .copiedBytes()).type(""type"").id(""1""));<nl><nl>        // no _parent mapping, used as a simple field<nl>        assertThat(doc.parent(), equalTo(null));<nl>        assertThat(doc.rootDoc().get(""_parent""), equalTo(""1122""));<nl>    }<nl>",1,0,6,0.0,42,9,False,False,16
https://api.github.com/repos/mrdoob/three.js/pulls/4447,1,0,2014-02-17T23:45:44Z,"Fixed issues in the triangulateShape method (a for..in loop was used where a sequential for loop is required). <nl>A for..in loop should be avoided when using array like objects, because it also enumerates inherited properties and iteration order is not guaranteed.",Fixed bugs in Shape.Utils.triangulateShape,2.0,2.0,4.0,1.0,2.0,2.0,4.0,2.0,2.0,4.0,vandixhoorn,366,0,0,0,0,0.0,1,3405,53,15426,269,1,0,0,1,1.0,1036,78,7489,1,0.0,0.0,0,0,False,"Fixed bugs in Shape.Utils.triangulateShape<nl><nl>Fixed issues in the triangulateShape method (a for..in loop was used where a sequential for loop is required). <nl>A for..in loop should be avoided when using array like objects, because it also enumerates inherited properties and iteration order is not guaranteed.",692,987,0.7011144883485309,3354,"				tmpShape1, tmpShape2,<nl>				tmpHole1, tmpHole2;<nl><nl>			for (h = 0, hl = holes.length; h < hl; h++) { indepHoles.push( h ); }<nl><nl>			var counter = indepHoles.length * 2;<nl>			while ( indepHoles.length > 0 ) {",1,0,0,0.0,175,0,True,True,41
https://api.github.com/repos/pytorch/pytorch/pulls/26230,0,2,2019-10-15T17:07:39Z,"Fixes a few small typos in the documentation, changing ""endocder"" to ""encoder"" and ""sequnce"" to ""sequence""",Fix typo in TransformerEncoder and TransformerEncoderLayer documentation,2.0,2.0,4.0,1.0,2.0,2.0,4.0,2.0,2.0,4.0,ljjb,2042,0,0,0,0,3.0,3,8682,696,32629,1763,1,0,0,1,1.0,15503,1023,22950,9,0.0,0.0,1,0,False,Fix typo in TransformerEncoder and TransformerEncoderLayer documentation,12206,15085,0.8091481604242625,33964,"        self.norm = norm<nl><nl>    def forward(self, src, mask=None, src_key_padding_mask=None):<nl>        r""""""Pass the input through the encoder layers in turn.<nl><nl>        Args:<nl>            src: the sequnce to the encoder (required).",5,0,1,0.0,2530,0,False,False,16
https://api.github.com/repos/pytorch/pytorch/pulls/43174,0,311,2020-09-24T06:07:50Z,Stack from [ghstack](https://github.com/ezyang/ghstack):<nl>* #43537 Support bfloat16 and complex dtypes for logical_not<nl>* **#43174 Add complex number support for binary logical operators**<nl><nl>Differential Revision: [D23684425](https://our.internmc.facebook.com/intern/diff/D23684425),Add complex number support for binary logical operators,17.0,20.0,37.0,4.0,17.0,20.0,37.0,17.0,20.0,37.0,xuhdev,1296,16,3,86,5,127.0,476,12386,406,48507,1504,1,0,0,1,1.0,26187,836,40298,5219,1.0,0.0,555,0,False,Add complex number support for binary logical operators<nl><nl>[ghstack-poisoned],20366,25669,0.7934083914449336,67603,"                    getattr(a, op)(b)<nl>                return<nl><nl>        # new tensor<nl>        self.assertEqual(expected_res.bool(), getattr(a, op)(b))<nl>        # out",198,273,306,0.8921568627450981,2912,138,False,False,22
https://api.github.com/repos/laravel/laravel/pulls/4172,0,1,2017-03-09T14:59:00Z,framework: https://github.com/laravel/framework/pull/18278,[5.5] Pass request object to register create method,9.0,6.0,15.0,1.0,9.0,6.0,15.0,9.0,6.0,15.0,Gvriti,24,0,0,0,0,0.0,1,0,0,0,0,0,0,0,0,1.0,2521,35,5288,308,0.0,0.0,0,0,False,Pass request object to register create method,1073,2521,0.4256247520825069,6150,namespace App\Http\Controllers\Auth;<nl><nl>use App\User;<nl>use Illuminate\Http\Request;<nl>use App\Http\Controllers\Controller;<nl>use Illuminate\Support\Facades\Validator;<nl>use Illuminate\Foundation\Auth\RegistersUsers;,0,0,1,0.0,73,0,False,False,2
https://api.github.com/repos/pytorch/pytorch/pulls/26480,0,179,2019-09-23T14:15:50Z,Changelog:<nl>- Remove `torch.gels` which was deprecated in v1.2.0<nl><nl>Test Plan:<nl>- No tests were changed and all callsites for `torch.gels` where modified to `torch.lstsq` when `torch.lstsq` was introduced<nl>,Remove deprecated torch.gels,0.0,25.0,25.0,4.0,0.0,25.0,25.0,0.0,25.0,25.0,vishwakftw,2107,29,0,594,18,41.0,81,8733,383,32845,1620,1,0,0,1,1.0,15679,1052,23240,1561,0.0,2.0,48,0,False,Remove deprecated torch.gels<nl><nl>Changelog:<nl>- Remove `torch.gels` which was deprecated in v1.2.0<nl><nl>Test Plan:<nl>- No tests were changed and all callsites for `torch.gels` where modified to `torch.lstsq` when `torch.lstsq` was introduced,12340,15262,0.8085440964486961,34414,"    'cartesian_prod',<nl>    'chain_matmul',<nl>    'einsum',<nl>    'isfinite',<nl>    'isinf',<nl>    'lu',",38,135,177,0.7627118644067796,2555,6,False,True,26
https://api.github.com/repos/apple/swift/pulls/13561,0,30,2020-07-31T06:13:30Z,# Purpose<nl><nl>This PR adds support in Swift's build system to compile `swiftc` with LLVM profile generation tooling enabled and also to build Swift using a generated profile.<nl><nl>rdar://21800776,[build-system] Added support for compiling Swift with PGO (IR) support.,109.0,1.0,110.0,5.0,109.0,1.0,110.0,109.0,1.0,110.0,Rostepher,1607,0,0,0,0,21.0,20,3311,97,11249,391,0,0,0,0,1.0,13518,537,68241,554,0.0,0.0,8,0,False,Added support for compiling Swift with PGO (IR) support.,11946,13297,0.8983981349176506,55463,"    'swift_assertions': True,<nl>    'swift_build_variant': 'Debug',<nl>    'swift_compiler_version': None,<nl>    'swift_profile_instr_use': None,<nl>    'swift_stdlib_assertions': True,<nl>    'swift_stdlib_build_variant': 'Debug',<nl>    'swift_tools_max_parallel_lto_link_jobs':",18,28,29,0.9655172413793104,2422,0,False,False,27
https://api.github.com/repos/kubernetes/kubernetes/pulls/90051,0,1124,2020-04-10T16:41:50Z,Cherry pick of #89902 on release-1.15<nl>#89902 : Fix setting up internal load balancer for GCE,Automated cherry pick of #89902 upstream release 1.15 ,36.0,0.0,36.0,2.0,36.0,0.0,36.0,36.0,0.0,36.0,wojtek-t,1099,325,1,3526,16,128.0,298,34319,380,264742,3668,1,1,0,1,1.0,55657,661,101379,5878,0.0,0.0,473,0,False,Fix GCE ILB for large clusters,43097,54750,0.7871598173515981,567256,"<nl>const (<nl>	allInstances = ""ALL""<nl>	// maxInstancesPerInstanceGroup defines maximum number of VMs per InstanceGroup.<nl>	maxInstancesPerInstanceGroup = 1000<nl>)<nl><nl>func usesNEG(service *v1.Service) bool {",16,1022,1115,0.9165919282511212,6221,95,False,False,15
https://api.github.com/repos/pytorch/pytorch/pulls/21038,0,15,2019-05-30T23:18:27Z,Summary: Use QTesnor for bias tensor<nl><nl>Differential Revision: D15524980<nl>,Use QTensor for bias,10.0,6.0,16.0,3.0,10.0,6.0,16.0,10.0,6.0,16.0,dskhudia,658,0,0,0,0,0.0,16,7174,313,27230,1590,1,0,0,1,1.0,12360,787,18648,349,1.0,0.0,1,0,True,Use QTensor for bias (#21038)<nl><nl>Summary:<nl>Use QTesnor for bias tensor<nl>Pull Request resolved: https://github.com/pytorch/pytorch/pull/21038<nl><nl>Differential Revision: D15524980<nl><nl>Pulled By: dskhudia<nl><nl>fbshipit-source-id: ff476919e40fd9ede7fd9fe96648cc69392f43b6,9840,12010,0.8193172356369692,26084,"        dilation_h = dilation_w = 1<nl>        groups = 1<nl><nl>        W_value_min = -5<nl>        W_value_max = 5<nl>        # We use small values to avoid overflow.<nl>        # (the operator expects them in the format (output_channels, input_channels/groups, kernel_h, kernel_w))",3,15,15,1.0,1864,0,False,False,8
https://api.github.com/repos/elastic/elasticsearch/pulls/38280,0,1132,2019-02-03T17:54:32Z,"We have to set the primary term before we add a retention lease, otherwise we can not assert the correct primary term.<nl><nl>Closes #38245<nl>Relates #38275",Fix ordering problem in add or renew lease test,3.0,4.0,7.0,1.0,3.0,4.0,7.0,3.0,4.0,7.0,jasontedor,1497,125,4,3204,27,105.0,241,18080,299,66181,1327,1,1,0,0,1.0,19316,830,75313,12428,0.0,0.0,510,0,False,"Fix ordering problem in add or renew lease test<nl><nl>We have to set the primary term before we add a retention lease,<nl>otherwise we can not assert the correct primary term.",14632,19152,0.7639933166248956,63228,"<nl>public class ReplicationTrackerRetentionLeaseTests extends ReplicationTrackerTestCase {<nl><nl>    public void testAddOrRenewRetentionLease() {<nl>        final AllocationId allocationId = AllocationId.newInitializing();<nl>        long primaryTerm = randomLongBetween(1, Long.MAX_VALUE);",45,1059,1130,0.9371681415929204,2932,35,False,False,24
https://api.github.com/repos/jquery/jquery/pulls/83,0,10,2010-11-09T17:41:16Z,Fixes [#7422](http://bugs.jquery.com/ticket/7422) (abort does not work correctly in IE7) and probably a couple of dupe tickets.,Bug #7422,9.0,5.0,14.0,2.0,9.0,5.0,14.0,9.0,5.0,14.0,csnover,122,0,0,0,0,84.0,8,0,0,0,0,1,1,0,1,1.0,80,44,2672,28,1.0,0.0,3,0,False,Ensure that AJAX requests are actually aborted in all browsers. Fix #7422.,31,56,0.5535714285714286,105,"});<nl><nl>test(""jQuery.ajax() - abort"", function() {<nl>	expect( 8 );<nl>	stop();<nl><nl>	jQuery('#foo').ajaxStart(function(){",3,7,10,0.7,48,0,False,True,16
https://api.github.com/repos/pytorch/pytorch/pulls/15110,0,3,2018-12-13T05:35:19Z,Summary: support casting to string on CPU<nl><nl>Differential Revision: D13429381,support casting to string,37.0,6.0,43.0,2.0,37.0,6.0,43.0,37.0,6.0,43.0,xianjiec,690,0,0,0,0,16.0,23,5536,389,20013,1406,1,0,0,1,1.0,8602,797,15505,165,0.0,0.0,0,0,False,support casting to string<nl><nl>Summary: support casting to string on CPU<nl><nl>Differential Revision: D13429381<nl><nl>fbshipit-source-id: fcdb502d159276198b640b833f3f72093f868a91,6999,8328,0.8404178674351584,18504,"from __future__ import unicode_literals<nl><nl><nl>from caffe2.python import core, workspace<nl>import caffe2.python.hypothesis_test_util as hu<nl><nl>from hypothesis import given",4,3,3,1.0,1068,0,False,False,9
https://api.github.com/repos/puppeteer/puppeteer/pulls/1661,1,0,2018-01-01T22:20:10Z,I added [`nativeVirtualKeyCode`](https://chromedevtools.github.io/devtools-protocol/tot/Input/#method-dispatchKeyEvent) as described in https://github.com/GoogleChrome/puppeteer/issues/776#issuecomment-329589760 and confirmed that shortcuts work properly under certain conditions on OSX.,Add nativeVirtualKeyCode to key event,9.0,1.0,10.0,2.0,9.0,1.0,10.0,9.0,1.0,10.0,minodisk,36,0,0,1,1,49.0,205,1024,134,4185,580,0,0,0,0,1.0,610,55,712,4829,0.0,1.0,96,0,False,Add nativeVirtualKeyCode to key event<nl><nl>Fixes #776<nl>Related to #1311,480,592,0.8108108108108109,1138,"      type: text ? 'keyDown' : 'rawKeyDown',<nl>      modifiers: this._modifiers,<nl>      windowsVirtualKeyCode: description.keyCode,<nl>      nativeVirtualKeyCode: description.keyCode,<nl>      code: description.code,<nl>      key: description.key,<nl>      text: text,",188,0,0,0.0,98,1,False,True,18
https://api.github.com/repos/mrdoob/three.js/pulls/20043,0,1650,2020-08-10T21:14:43Z,see https://github.com/mrdoob/three.js/pull/19911#discussion_r467685960,WebGLCubeMaps: Fix runtime error when image is undefined.,8.0,6.0,14.0,1.0,8.0,6.0,14.0,8.0,6.0,14.0,Mugen87,452,45,0,4258,91,110.0,173,9725,56,50298,338,1,1,0,1,1.0,10001,156,34823,4832,0.0,0.0,262,0,False,WebGLCubeMaps: Fix runtime error when image is undefined.,7730,9905,0.7804139323573952,37199,"import { CubeReflectionMapping, CubeRefractionMapping, EquirectangularReflectionMapping, EquirectangularRefractionMapping } from '../../constants.js';<nl>import { WebGLCubeRenderTarget } from '../WebGLCubeRenderTarget.js';<nl><nl>function WebGLCubeMaps( renderer ) {<nl>",16,1555,1642,0.9470158343483556,489,206,False,False,2
https://api.github.com/repos/elastic/elasticsearch/pulls/66978,0,161,2021-01-05T06:49:56Z,We need to make sure that the hasher selected for hashing in the beginning of the tests is<nl>not the same that is set in passwordHashingSettings for the test to<nl>make sense.<nl><nl>Co-authored-by: Lyudmila Fokina <35386883+BigPandaToo@users.noreply.github.com><nl>,Fix testIncorrectPasswordHashingAlgorithm (#66836),5.0,2.0,7.0,1.0,5.0,2.0,7.0,5.0,2.0,7.0,ywangd,923,43,3,169,19,64.0,86,23907,193,89476,818,1,1,0,0,1.0,40769,799,108944,2325,0.0,0.0,272,0,False,Fix testIncorrectPasswordHashingAlgorithm (#66836)<nl><nl>We need to make sure that the hasher selected for hashing in the beginning of the tests is<nl>not the same that is set in passwordHashingSettings for the test to<nl>make sense.<nl><nl>Resolve: #66824,34719,40610,0.8549372075843389,111537,import org.mockito.stubbing.Answer;<nl><nl>import java.util.Collections;<nl>import java.util.Locale;<nl>import java.util.concurrent.atomic.AtomicReference;<nl><nl>import static org.elasticsearch.test.SecurityIntegTestCase.getFastStoredHashAlgoForTests;,46,155,157,0.9872611464968152,1408,51,False,True,33
https://api.github.com/repos/kubernetes/kubernetes/pulls/28289,0,1,2016-07-22T18:17:13Z,"It uses the current shell's TERM by default, having xterm<nl>as a fallback.<nl><nl>Closes #28280.",exec: Send a TERM variable when using TTY,6.0,0.0,6.0,1.0,6.0,0.0,6.0,6.0,0.0,6.0,jwendell,1714,0,0,0,0,44.0,119,11209,814,69655,5555,0,0,0,0,1.0,17078,941,33510,573,0.0,0.0,40,0,False,"exec: Send a TERM variable when using TTY<nl><nl>It uses the current shell's TERM by default, having xterm<nl>as a fallback.<nl><nl>Closes #28280.",14400,16607,0.8671042331546938,155233,"	""k8s.io/kubernetes/pkg/client/unversioned/remotecommand""<nl>	cmdutil ""k8s.io/kubernetes/pkg/kubectl/cmd/util""<nl>	remotecommandserver ""k8s.io/kubernetes/pkg/kubelet/server/remotecommand""<nl>	""k8s.io/kubernetes/pkg/util/env""<nl>)<nl><nl>var (",35,0,1,0.0,9926,6,False,True,13
https://api.github.com/repos/rails/rails/pulls/22035,0,124,2015-10-23T06:38:10Z,"In later code examples, it is better to write how `Module#anonymous?`<nl>works.",[ci skip] Add more code examples for `Module#anonymous?` docs,4.0,2.0,6.0,1.0,4.0,2.0,6.0,4.0,2.0,6.0,yui-knk,640,2,0,2,0,83.0,103,7652,88,42937,413,1,1,0,1,1.0,14302,236,66204,909,0.0,0.0,115,0,False,"[ci skip] Add more code examples for `Module#anonymous?` docs<nl><nl>In later code examples, it is better to write how `Module#anonymous?`<nl>works.",9549,13825,0.6907052441229656,53517,"  #   m = Module.new<nl>  #   m.name # => nil<nl>  #<nl>  # +anonymous?+ method returns true if module does not have a name, false otherwise:<nl>  #<nl>  #   Module.new.anonymous? # => true<nl>  #",88,104,120,0.8666666666666667,1141,9,False,False,11
https://api.github.com/repos/pytorch/pytorch/pulls/29334,0,320,2019-11-06T22:33:12Z,Stack from [ghstack](https://github.com/ezyang/ghstack):<nl>* **#29334 [jit] skip broken custom op test**<nl><nl>As title<nl><nl>Differential Revision: [D18358592](https://our.internmc.facebook.com/intern/diff/D18358592),[jit] skip broken custom op test,2.0,0.0,2.0,1.0,2.0,0.0,2.0,2.0,0.0,2.0,suo,2024,24,0,242,30,0.0,41,9348,419,35393,1828,1,0,0,1,1.0,17608,1234,26607,1069,1.0,0.0,25,0,False,[jit] skip broken custom op test<nl><nl>As title,13650,17087,0.7988529291274068,38997,import os<nl>import sys<nl>import unittest<nl><nl>import torch<nl>,8,245,314,0.7802547770700637,2916,1,False,False,13
https://api.github.com/repos/kubernetes/kubernetes/pulls/28090,0,94,2016-06-27T22:26:31Z,Mark test as flaky while it is being investigated. Tracked by https://github.com/kubernetes/kubernetes/issues/27691<nl><nl>Assigning to @jlowdermilk since he's on call,"Mark ""RW PD, remove it, then schedule"" test flaky",3.0,1.0,4.0,1.0,3.0,1.0,4.0,3.0,1.0,4.0,saad-ali,1670,76,9,493,76,132.0,36,11117,801,69068,5412,1,1,0,1,1.0,16971,900,33258,716,1.0,0.0,90,0,False,"Mark ""RW PD, remove it, then schedule"" test flaky",14303,16491,0.8673215693408526,153732,"		mathrand.Seed(time.Now().UTC().UnixNano())<nl>	})<nl><nl>	// Flaky-- Issue #27691<nl>	It(""[Flaky] should schedule a pod w/ a RW PD, remove it, then schedule it on another host [Slow]"", func() {<nl>		framework.SkipUnlessProviderIs(""gce"", ""gke"", ""aws"")<nl><nl>		By(""creating PD"")",6,86,94,0.9148936170212766,9150,4,False,True,18
https://api.github.com/repos/moby/moby/pulls/39825,1,0,2019-08-30T13:38:48Z,"This fixes getting the operating system on Darwin.<nl><nl>This used to return `darwin\n`, but now returns `darwin`<nl><nl>And hey, here's a cool frog:<nl>![](https://media1.giphy.com/media/GdRG4WHGgmNTq/giphy.gif)",Fix getting the operating system on Darwin,2.0,1.0,3.0,1.0,2.0,1.0,3.0,2.0,1.0,3.0,SimonBarendse,477,0,0,0,0,1.0,31,16501,42,103962,247,1,1,0,1,1.0,15981,114,44809,578,0.0,0.0,10,0,False,"Fix getting the operating system on Darwin<nl><nl>This used to return ""Darwin\n"", but now returns ""Darwin""<nl><nl>Signed-off-by: Simon Barendse <simon.barendse@gmail.com>",12745,15856,0.8037966700302724,122827,"	""errors""<nl>	""fmt""<nl>	""os/exec""<nl>	""strings""<nl>)<nl><nl>// GetOperatingSystem gets the name of the current operating system.",13,0,0,0.0,484,2,False,False,21
https://api.github.com/repos/pytorch/pytorch/pulls/50377,0,25,2021-01-11T21:07:56Z,Stack from [ghstack](https://github.com/ezyang/ghstack):<nl>* **#50377 Update op replacement tutorial**<nl><nl>Differential Revision: [D25870409](https://our.internmc.facebook.com/intern/diff/D25870409),Update op replacement tutorial,3.0,6.0,9.0,1.0,3.0,6.0,9.0,3.0,6.0,9.0,ansley,986,2,1,3,1,6.0,0,13817,232,54812,1141,1,0,0,1,1.0,30680,641,47789,0,0.0,0.0,18,0,False,Update op replacement tutorial<nl><nl>[ghstack-poisoned],23911,30104,0.7942798299229338,86058,"from torch.fx import symbolic_trace<nl>import operator<nl><nl>""""""<nl>How to replace one op with another<nl>1. Iterate through all Nodes in your GraphModule's Graph.",0,19,21,0.9047619047619048,2909,12,False,False,10
https://api.github.com/repos/rails/rails/pulls/10142,0,43,2013-04-09T14:19:31Z,"I'm changing the current implementation of the `ScopeRegistry` object so that you don't have to use `ScopeRegistry.current.value_of` which is somewhat verbose. Instead, the `value_of` and `set_value_of` are delegated to `ScopeRegistry.current`.",Delegating the value getter and setters in the ScopeRegistry,16.0,9.0,25.0,2.0,16.0,9.0,25.0,16.0,9.0,25.0,wangjohn,944,0,0,12,9,65.0,18,3852,159,22269,1051,1,1,0,1,1.0,6279,366,45070,674,0.0,0.0,47,0,False,Delegating the value getter and setters in the ScopeRegistry to the<nl>current ScopeRegister object.,4185,6070,0.6894563426688632,22561,"<nl>    module ClassMethods<nl>      def current_scope #:nodoc:<nl>        ScopeRegistry.value_for(:current_scope, base_class.to_s)<nl>      end<nl><nl>      def current_scope=(scope) #:nodoc:<nl>        ScopeRegistry.set_value_for(:current_scope, base_class.to_s, scope)<nl>      end<nl>    end<nl>",14,26,33,0.7878787878787878,1416,46,False,True,30
https://api.github.com/repos/rails/rails/pulls/20182,0,3,2015-05-18T07:30:44Z,Based on #19976 and #18950.,[ci skip] remove `assigns` from the integration test example in API docs,2.0,2.0,4.0,1.0,2.0,2.0,4.0,2.0,2.0,4.0,repinel,535,0,0,3,2,13.0,19,7076,99,40280,420,1,1,0,1,1.0,13041,291,62887,395,0.0,0.0,6,0,False,[ci skip] remove `assigns` from the integration test example in API docs<nl><nl>Based on #19976 and #18305.,8659,12569,0.6889171771819556,48644,"  #       https!(false)<nl>  #       get ""/articles/all""<nl>  #       assert_response :success<nl>  #       assert_select 'h1', 'Articles'<nl>  #     end<nl>  #   end<nl>  #",23,1,1,1.0,775,1,False,False,5
https://api.github.com/repos/kubernetes/kubernetes/pulls/102164,0,522,2021-06-08T14:15:50Z,"Cherry pick of #102083 on release-1.20.<nl><nl>#102083: fix: delete non existing disk issue<nl><nl>For details on the cherry pick process, see the [cherry pick requests](https://git.k8s.io/community/contributors/devel/sig-release/cherry-picks.md) page.",Automated cherry pick of #102083: fix: delete non existing disk issue,5.0,0.0,5.0,1.0,5.0,0.0,5.0,5.0,0.0,5.0,andyzhangx,1000,129,0,706,6,63.0,307,38350,268,305489,2702,1,1,0,1,1.0,63338,564,114363,7592,0.0,0.0,1370,0,False,fix: delete non existing disk issue,48490,62643,0.7740689302875022,657572,"import (<nl>	""context""<nl>	""fmt""<nl>	""net/http""<nl>	""path""<nl>	""strconv""<nl>	""strings""",63,479,519,0.9229287090558768,7305,722,False,False,24
https://api.github.com/repos/pytorch/pytorch/pulls/10037,0,75,2018-07-31T19:43:16Z,"Otherwise, some RNN case conversion may fail.",Add shape inference when converting from onnx to caffe2,2.0,0.0,2.0,1.0,2.0,0.0,2.0,2.0,0.0,2.0,houseroad,430,1,0,15,1,43.0,89,4175,297,15081,1203,1,0,0,1,1.0,5322,598,12687,1677,0.0,0.0,50,0,False,Add shape inference when converting from onnx to caffe2,4357,5094,0.8553199842952494,13308,"import onnx.defs<nl>import onnx.optimizer<nl>import onnx.shape_inference<nl>import onnx.utils<nl>from onnx.backend.base import Backend, Device, DeviceType, namedtupledict<nl><nl>from caffe2.python.onnx.workspace import Workspace",12,69,73,0.9452054794520548,1426,0,False,False,7
https://api.github.com/repos/chartjs/Chart.js/pulls/1402,1,0,2015-08-28T22:28:11Z,"Sometimes it's nice to show a different title in the tooltip than the x-label. For example, because there is more space than in the chart itself. Therefore, I have added this option.",Added tooltipTitleTemplate option.,7.0,1.0,8.0,2.0,7.0,1.0,8.0,7.0,1.0,8.0,hrniels,29,0,0,0,0,5.0,18,1046,58,3515,192,1,1,0,1,1.0,354,18,585,1139,0.0,1.0,69,0,False,Added tooltipTitleTemplate option.,120,265,0.4528301886792453,1009,"			// String - Tooltip title font colour<nl>			tooltipTitleFontColor: ""#fff"",<nl><nl>			// String - Tooltip title template<nl>			tooltipTitleTemplate: ""<%= label%>"",<nl><nl>			// Number - pixel width of padding around tooltip text<nl>			tooltipYPadding: 6,<nl>",1,0,0,0.0,13,0,False,True,32
https://api.github.com/repos/moby/moby/pulls/16930,0,199,2015-10-12T04:37:03Z,The first param on opts.ParseHost() wasn't being used for anything.<nl><nl>Once we get rid of that param we can then also clean-up some code<nl>that calls ParseHost() because the param that was passed in wasn't<nl>being used for anything else.<nl><nl>Signed-off-by: Doug Davis dug@us.ibm.com,Remove unused param on ParseHost,6.0,13.0,19.0,4.0,6.0,13.0,19.0,6.0,13.0,19.0,duglin,835,4,1,772,34,60.0,81,7282,281,43733,1972,1,1,0,1,1.0,5353,396,20390,1659,0.0,0.0,55,0,False,Remove used param on ParseHost<nl><nl>The first param on opts.ParseHost() wasn't being used for anything.<nl><nl>Once we get rid of that param we can then also clean-up some code<nl>that calls ParseHost() because the param that was passed in wasn't<nl>being used for anything else.<nl><nl>Signed-off-by: Doug Davis <dug@us.ibm.com>,4054,5225,0.7758851674641148,60711,"	}<nl>	serverConfig = setPlatformServerConfig(serverConfig, cli.Config)<nl><nl>	if commonFlags.TLSOptions != nil {<nl>		if !commonFlags.TLSOptions.InsecureSkipVerify {<nl>			// server requires and verifies client's certificate",26,179,197,0.9086294416243654,2803,19,False,True,40
https://api.github.com/repos/spring-projects/spring-framework/pulls/25170,0,10,2020-06-02T16:02:59Z,I propose to refactor method name dispatching to switch statements to follow #25163.<nl>Thank you :),Refactor method name dispatching to switch statements,12.0,16.0,28.0,1.0,12.0,16.0,28.0,12.0,16.0,28.0,YooInKeun,207,0,0,0,0,0.0,54,18882,105,54154,343,1,0,0,1,1.0,2741,41,25486,691,0.0,0.0,11,0,False,Refactor method name dispatching to switch statements,1232,2676,0.460388639760837,5547,"/*<nl> * Copyright 2002-2020 the original author or authors.<nl> *<nl> * Licensed under the Apache License, Version 2.0 (the ""License"");<nl> * you may not use this file except in compliance with the License.",48,2,10,0.2,116,9,False,False,15
https://api.github.com/repos/kubernetes/kubernetes/pulls/3115,0,135,2014-12-23T21:00:21Z,This is useful for testing mostly.,Add apiserver proxy support for pods.,149.0,9.0,158.0,2.0,149.0,9.0,158.0,149.0,9.0,158.0,thockin,741,99,6,578,77,542.0,44,1059,218,5337,1211,1,1,0,1,1.0,2055,352,4588,1114,0.0,0.0,149,0,False,Add apiserver proxy support for pods.<nl><nl>This is useful for testing mostly.,1835,2003,0.9161258112830754,8380,"	}<nl>}<nl><nl>func TestCreatePodWithConflictingNamespace(t *testing.T) {<nl>	storage := REST{}<nl>	pod := &api.Pod{<SEP><nl>import (<nl>	""fmt""<nl>	""strings""<nl><nl>	""github.com/GoogleCloudPlatform/kubernetes/pkg/api""<nl>	""github.com/GoogleCloudPlatform/kubernetes/pkg/api/errors""",7,121,130,0.9307692307692308,1474,7,False,False,6
https://api.github.com/repos/pytorch/pytorch/pulls/38243,0,8,2020-06-02T06:28:47Z,Add ONNX export support for torch.nn.CELU,ONNX Export Support for Celu,34.0,16.0,50.0,2.0,34.0,16.0,50.0,34.0,16.0,50.0,KsenijaS,1630,0,0,4,0,2.0,60,11311,421,44036,1846,1,0,0,1,1.0,23211,1163,36104,503,1.0,0.0,7,0,False,add onnx export for celu,17954,22693,0.7911690829771295,57065,"<nl>        self.run_test(CrossEntropyLossMeanWeightIgnoreIndex(), input=(x, y))<nl><nl>    @unittest.skip(""Enable this once ORT version is updated"")<nl>    @skipIfUnsupportedMinOpsetVersion(12)<nl>    def test_nllloss(self):",21,5,6,0.8333333333333334,3723,5,False,False,6
https://api.github.com/repos/kubernetes/kubernetes/pulls/63980,0,11,2018-05-18T16:54:19Z,**What this PR does / why we need it**:<nl><nl>This PR fixes a regression introduced by https://github.com/kubernetes/kubernetes/pull/63495 which broke kubeadm upgrades for installations using a static pod etcd.<nl><nl>**Release note**:<nl>```release-note<nl>NONE<nl>```,kubeadm - fix upgrades with static pod etcd,4.0,10.0,14.0,2.0,4.0,10.0,14.0,4.0,10.0,14.0,detiber,1523,1,1,10,5,51.0,191,25410,421,183558,3813,1,1,0,1,1.0,38559,903,72224,5234,0.0,0.0,155,0,False,kubeadm - fix upgrades with static pod etcd,30876,37560,0.8220447284345048,392759,"	""k8s.io/kubernetes/cmd/kubeadm/app/util/apiclient""<nl>	configutil ""k8s.io/kubernetes/cmd/kubeadm/app/util/config""<nl>	dryrunutil ""k8s.io/kubernetes/cmd/kubeadm/app/util/dryrun""<nl>	""k8s.io/kubernetes/pkg/util/version""<nl>)<nl>",133,4,10,0.4,9244,61,False,True,28
https://api.github.com/repos/rails/rails/pulls/30091,0,11,2017-08-08T22:45:37Z,"`bin/rails` which generated by `rails plugin new ... --no-test` includes `APP_PATH` which aims for tests. And it cause LoadError (`lib/rails/command/actions.rb:15:in require: cannot load such file`), when we execute `bin/rails`. So I've fixed it.",Fix engine command,6.0,0.0,6.0,2.0,6.0,0.0,6.0,6.0,0.0,6.0,yhirano55,874,0,0,0,0,205.0,113,10337,108,56301,509,1,1,0,1,1.0,19588,287,77845,1736,0.0,0.0,80,0,False,Fix engine command,13206,18844,0.7008066227977074,73407,"    assert_file ""Rakefile"" do |contents|<nl>      assert_no_match(/APP_RAKEFILE/, contents)<nl>    end<nl>    assert_file ""bin/rails"" do |contents|<nl>      assert_no_match(/APP_PATH/, contents)<nl>    end<nl>  end<nl><nl>  def test_generating_adds_dummy_app_in_full_mode_without_sprockets",95,2,10,0.2,880,1,False,True,33
https://api.github.com/repos/psf/requests/pulls/1893,0,93,2014-01-30T17:23:57Z,"Apparently RPM doesn't like us having the full license text in the 'license' section, as in #1878. Seems innocuous to change this, because realistically who the hell cares?",Avoid breaking crappy distribution methods.,1.0,3.0,4.0,1.0,1.0,3.0,4.0,1.0,3.0,4.0,Lukasa,56,13,5,1145,111,441.0,45,998,34,6046,302,1,1,0,1,1.0,890,25,3344,1170,0.0,0.0,134,0,False,Avoid breaking crappy distribution methods.,645,886,0.7279909706546276,3522,"    readme = f.read()<nl>with open('HISTORY.rst') as f:<nl>    history = f.read()<nl><nl>setup(<nl>    name='requests',",27,83,92,0.9021739130434784,142,69,False,True,28
https://api.github.com/repos/rails/rails/pulls/12553,0,5,2013-10-16T04:23:33Z,"Hi folks,<nl><nl>This PR removes some unused models from the actionpack tests.<nl><nl>Best,<nl><nl>Thiago",Removing unused fake models from actionpack tests,0.0,95.0,95.0,1.0,0.0,95.0,95.0,0.0,95.0,95.0,thiagopradi,643,0,0,0,0,90.0,7,4656,126,26844,685,1,1,0,1,1.0,7885,190,49213,8,0.0,0.0,0,0,False,Removing unused fake models from actionpack tests,5176,7487,0.691331641511954,28876,  attr_accessor :body<nl>end<nl><nl>module Blog<nl>  def self.use_relative_model_naming?<nl>    true,30,4,5,0.8,826,0,False,False,11
https://api.github.com/repos/rails/rails/pulls/25362,0,156,2016-06-12T13:22:17Z,These models are not used anymore.,Remove unnecessary model requires,0.0,2.0,2.0,1.0,0.0,2.0,2.0,0.0,2.0,2.0,maclover7,450,7,0,562,58,155.0,332,8710,127,48462,721,1,1,0,1,1.0,16542,267,70629,4878,0.0,0.0,153,0,False,Remove unnecessary model requires,11034,15946,0.6919603662360466,62634,require 'models/boolean'<nl>require 'models/column_name'<nl>require 'models/subscriber'<nl>require 'models/comment'<nl>require 'models/minimalistic'<nl>require 'models/warehouse_thing',240,82,135,0.6074074074074074,1041,8,False,False,6
